deal_type,obj_type,area_range,count,share_pct,grade,avg_price,median_price
аренда,База/склад/производство,1-10,20,6.0,A+,4850,5000
аренда,База/склад/производство,201-210,10,3.0,A+,171946,164000
аренда,База/склад/производство,211-220,9,2.7,A+,139712,151000
аренда,База/склад/производство,21-30,8,2.4,A+,26014,23375
аренда,База/склад/производство,151-160,7,2.1,A+,120521,110000
аренда,База/склад/производство,601-610,6,1.8,A+,364204,400000
аренда,База/склад/производство,41-50,6,1.8,A+,28718,32045
аренда,База/склад/производство,71-80,6,1.8,A+,38223,40000
аренда,База/склад/производство,101-110,6,1.8,A+,59983,60000
аренда,База/склад/производство,51-60,6,1.8,A+,33938,36530
аренда,База/склад/производство,1001-1010,6,1.8,A+,416500,500000
аренда,База/склад/производство,121-130,5,1.5,A+,66200,55000
аренда,База/склад/производство,701-710,5,1.5,A+,385000,245000
аренда,База/склад/производство,451-460,5,1.5,A+,235500,250000
аренда,База/склад/производство,361-370,5,1.5,A+,285800,362000
аренда,База/склад/производство,271-280,5,1.5,A+,193300,150000
аренда,База/склад/производство,281-290,5,1.5,A+,167000,170000
аренда,База/склад/производство,501-510,5,1.5,A+,241800,252000
аренда,База/склад/производство,441-450,5,1.5,A+,247552,180920
аренда,База/склад/производство,2001-2010,4,1.2,A+,752500,1200000
аренда,База/склад/производство,141-150,4,1.2,A+,103000,112000
аренда,База/склад/производство,1481-1490,4,1.2,A+,1141000,1500000
аренда,База/склад/производство,291-300,4,1.2,A+,176290,178000
аренда,База/склад/производство,181-190,4,1.2,A+,144500,180000
аренда,База/склад/производство,551-560,4,1.2,A+,326250,385000
аренда,База/склад/производство,751-760,4,1.2,A+,544485,527940
аренда,База/склад/производство,461-470,4,1.2,A+,298550,304200
аренда,База/склад/производство,481-490,4,1.2,A+,255500,330000
аренда,База/склад/производство,721-730,4,1.2,A,358669,433200
аренда,База/склад/производство,431-440,4,1.2,A,219200,280000
аренда,База/склад/производство,131-140,3,0.9,A,108333,75000
аренда,База/склад/производство,841-850,3,0.9,A,750000,750000
аренда,База/склад/производство,651-660,3,0.9,A,294508,363525
аренда,База/склад/производство,591-600,3,0.9,A,305000,300000
аренда,База/склад/производство,531-540,3,0.9,A,326667,330000
аренда,База/склад/производство,521-530,3,0.9,A,382480,340000
аренда,База/склад/производство,221-230,3,0.9,A,87667,70000
аренда,База/склад/производство,251-260,3,0.9,A,126667,72000
аренда,База/склад/производство,1431-1440,3,0.9,A,753067,750000
аренда,База/склад/производство,1081-1090,3,0.9,A,704567,650000
аренда,База/склад/производство,301-310,3,0.9,A,165000,150000
аренда,База/склад/производство,81-90,3,0.9,A,113333,60000
аренда,База/склад/производство,1361-1370,3,0.9,A,340333,350000
аренда,База/склад/производство,61-70,3,0.9,A,45107,50000
аренда,База/склад/производство,111-120,3,0.9,A,71000,78000
аренда,База/склад/производство,571-580,3,0.9,A,277893,229680
аренда,База/склад/производство,351-360,3,0.9,A,130000,80000
аренда,База/склад/производство,1061-1070,2,0.6,A,415400,720800
аренда,База/склад/производство,1401-1410,2,0.6,A,448000,560000
аренда,База/склад/производство,381-390,2,0.6,A,175000,200000
аренда,База/склад/производство,1721-1730,2,0.6,A,949800,1122000
аренда,База/склад/производство,4001-4010,2,0.6,A,2725000,4000000
аренда,База/склад/производство,241-250,2,0.6,A,125125,156000
аренда,База/склад/производство,331-340,2,0.6,A,219500,299000
аренда,База/склад/производство,8001-8010,2,0.6,A,8600000,10800000
аренда,База/склад/производство,411-420,2,0.6,A,313250,360000
аренда,База/склад/производство,231-240,2,0.6,A,122500,130000
аренда,База/склад/производство,171-180,2,0.6,A,142500,170000
аренда,База/склад/производство,11-20,2,0.6,A,13875,15000
аренда,База/склад/производство,561-570,2,0.6,A,185140,200000
аренда,База/склад/производство,1301-1310,2,0.6,B,910000,1040000
аренда,База/склад/производство,401-410,2,0.6,B,320600,400000
аренда,База/склад/производство,801-810,2,0.6,B,440000,520000
аренда,База/склад/производство,581-590,2,0.6,B,537500,698000
аренда,База/склад/производство,611-620,2,0.6,B,191800,200000
аренда,База/склад/производство,641-650,2,0.6,B,350000,400000
аренда,База/склад/производство,861-870,2,0.6,B,560000,560000
аренда,База/склад/производство,491-500,2,0.6,B,197500,200000
аренда,База/склад/производство,31-40,2,0.6,B,15750,21500
аренда,База/склад/производство,321-330,2,0.6,B,214975,220000
аренда,База/склад/производство,341-350,1,0.3,B,552000,552000
аренда,База/склад/производство,24311-24320,1,0.3,B,1500000,1500000
аренда,База/склад/производство,371-380,1,0.3,B,264000,264000
аренда,База/склад/производство,11721-11730,1,0.3,B,4688000,4688000
аренда,База/склад/производство,971-980,1,0.3,B,293400,293400
аренда,База/склад/производство,1461-1470,1,0.3,B,1149750,1149750
аренда,База/склад/производство,781-790,1,0.3,B,600000,600000
аренда,База/склад/производство,471-480,1,0.3,B,310000,310000
аренда,База/склад/производство,901-910,1,0.3,B,300000,300000
аренда,База/склад/производство,1501-1510,1,0.3,B,1050000,1050000
аренда,База/склад/производство,10001-10010,1,0.3,B,8000000,8000000
аренда,База/склад/производство,1601-1610,1,0.3,B,1440000,1440000
аренда,База/склад/производство,761-770,1,0.3,B,612800,612800
аренда,База/склад/производство,161-170,1,0.3,B,130000,130000
аренда,База/склад/производство,4151-4160,1,0.3,B,3735000,3735000
аренда,База/склад/производство,2551-2560,1,0.3,B,2300000,2300000
аренда,База/склад/производство,541-550,1,0.3,B,430000,430000
аренда,База/склад/производство,1801-1810,1,0.3,B,800000,800000
аренда,База/склад/производство,681-690,1,0.3,B,240000,240000
аренда,База/склад/производство,731-740,1,0.3,B,300000,300000
аренда,База/склад/производство,1331-1340,1,0.3,B,690000,690000
аренда,База/склад/производство,1991-2000,1,0.3,B,1295905,1295905
аренда,База/склад/производство,4031-4040,1,0.3,B,2625480,2625480
аренда,База/склад/производство,2411-2420,1,0.3,B,1572545,1572545
аренда,База/склад/производство,631-640,1,0.3,B,315000,315000
аренда,База/склад/производство,261-270,1,0.3,B,206042,206042
аренда,База/склад/производство,1471-1480,1,0.3,B,1083537,1083537
аренда,База/склад/производство,981-990,1,0.3,B,200000,200000
аренда,База/склад/производство,1701-1710,1,0.3,B,200000,200000
аренда,База/склад/производство,1261-1270,1,0.3,B,950000,950000
аренда,База/склад/производство,1491-1500,1,0.3,C,1048600,1048600
аренда,База/склад/производство,311-320,1,0.3,C,259000,259000
аренда,База/склад/производство,1441-1450,1,0.3,C,1080000,1080000
аренда,База/склад/производство,1121-1130,1,0.3,C,673800,673800
аренда,База/склад/производство,881-890,1,0.3,C,100000,100000
аренда,База/склад/производство,1281-1290,1,0.3,C,516000,516000
аренда,База/склад/производство,1451-1460,1,0.3,C,725000,725000
аренда,База/склад/производство,1051-1060,1,0.3,C,105600,105600
аренда,База/склад/производство,2631-2640,1,0.3,C,365000,365000
аренда,База/склад/производство,661-670,1,0.3,C,250000,250000
аренда,База/склад/производство,1101-1110,1,0.3,C,600000,600000
аренда,База/склад/производство,1231-1240,1,0.3,C,1170780,1170780
аренда,База/склад/производство,421-430,1,0.3,C,300000,300000
аренда,База/склад/производство,991-1000,1,0.3,C,590000,590000
аренда,База/склад/производство,2601-2610,1,0.3,C,500000,500000
аренда,База/склад/производство,811-820,1,0.3,C,405000,405000
аренда,База/склад/производство,621-630,1,0.3,C,375000,375000
аренда,База/склад/производство,2641-2650,1,0.3,C,1584000,1584000
аренда,База/склад/производство,1111-1120,1,0.3,C,739147,739147
аренда,База/склад/производство,691-700,1,0.3,C,414000,414000
аренда,База/склад/производство,1651-1660,1,0.3,C,173250,173250
аренда,База/склад/производство,22691-22700,1,0.3,C,6810000,6810000
аренда,База/склад/производство,1221-1230,1,0.3,C,700000,700000
аренда,База/склад/производство,951-960,1,0.3,C,100000,100000
аренда,База/склад/производство,511-520,1,0.3,C,306600,306600
аренда,База/склад/производство,2011-2020,1,0.3,C,399000,399000
аренда,База/склад/производство,1161-1170,1,0.3,C,871500,871500
аренда,База/склад/производство,5001-5010,1,0.3,C,500000,500000
аренда,База/склад/производство,771-780,1,0.3,C,544600,544600
аренда,База/склад/производство,1381-1390,1,0.3,C,831000,831000
аренда,База/склад/производство,1071-1080,1,0.3,C,644040,644040
аренда,База/склад/производство,2861-2870,1,0.3,C,1144000,1144000
аренда,База/склад/производство,1011-1020,1,0.3,C,712110,712110
аренда,База/склад/производство,911-920,1,0.3,C,294000,294000
аренда,Готовый бизнес,51-60,1,50.0,A+,360000,360000
аренда,Готовый бизнес,1201-1210,1,50.0,C,1000000,1000000
аренда,Коммерческий участок,11591-11600,1,25.0,A+,570000,570000
аренда,Коммерческий участок,18871-18880,1,25.0,A+,300000,300000
аренда,Коммерческий участок,1081-1090,1,25.0,A,1000000,1000000
аренда,Коммерческий участок,21-30,1,25.0,C,110000,110000
аренда,Офисное помещение,11-20,187,22.4,A+,17414,16200
аренда,Офисное помещение,21-30,110,13.2,A+,25714,24500
аренда,Офисное помещение,31-40,100,12.0,A+,33850,34000
аренда,Офисное помещение,41-50,50,6.0,A,46932,45000
аренда,Офисное помещение,61-70,45,5.4,A,77339,67700
аренда,Офисное помещение,51-60,43,5.2,A,49147,45000
аренда,Офисное помещение,71-80,25,3.0,A,74269,70830
аренда,Офисное помещение,81-90,18,2.2,A,77863,76665
аренда,Офисное помещение,101-110,16,1.9,A,90025,100000
аренда,Офисное помещение,1-10,14,1.7,A,9778,9720
аренда,Офисное помещение,131-140,13,1.6,A,116163,122800
аренда,Офисное помещение,91-100,13,1.6,B,90466,85500
аренда,Офисное помещение,181-190,13,1.6,B,164139,150000
аренда,Офисное помещение,121-130,12,1.4,B,162849,150000
аренда,Офисное помещение,111-120,12,1.4,B,103282,110900
аренда,Офисное помещение,141-150,11,1.3,B,157491,141000
аренда,Офисное помещение,151-160,11,1.3,B,175470,169000
аренда,Офисное помещение,201-210,9,1.1,B,196982,190000
аренда,Офисное помещение,171-180,8,1.0,B,161356,130000
аренда,Офисное помещение,221-230,8,1.0,B,176161,180000
аренда,Офисное помещение,251-260,7,0.8,B,209024,175000
аренда,Офисное помещение,211-220,7,0.8,B,195567,212900
аренда,Офисное помещение,261-270,5,0.6,B,273437,268000
аренда,Офисное помещение,401-410,5,0.6,B,304300,350000
аренда,Офисное помещение,301-310,5,0.6,B,325920,350000
аренда,Офисное помещение,241-250,5,0.6,C,238700,242000
аренда,Офисное помещение,381-390,4,0.5,C,450688,380000
аренда,Офисное помещение,541-550,4,0.5,C,475000,400000
аренда,Офисное помещение,161-170,4,0.5,C,181875,170000
аренда,Офисное помещение,271-280,4,0.5,C,255175,278000
аренда,Офисное помещение,511-520,4,0.5,C,611678,623000
аренда,Офисное помещение,601-610,3,0.4,C,666927,720000
аренда,Офисное помещение,231-240,3,0.4,C,184493,185000
аренда,Офисное помещение,281-290,3,0.4,C,342083,388530
аренда,Офисное помещение,371-380,3,0.4,C,373333,400000
аренда,Офисное помещение,351-360,3,0.4,C,548385,513155
аренда,Офисное помещение,311-320,3,0.4,C,687467,796000
аренда,Офисное помещение,831-840,2,0.2,C,959700,1086800
аренда,Офисное помещение,191-200,2,0.2,C,182100,229200
аренда,Офисное помещение,501-510,2,0.2,C,450000,570000
аренда,Офисное помещение,471-480,2,0.2,C,331100,471000
аренда,Офисное помещение,551-560,2,0.2,C,531500,668000
аренда,Офисное помещение,291-300,2,0.2,C,514460,670000
аренда,Офисное помещение,3981-3990,1,0.1,C,2988000,2988000
аренда,Офисное помещение,881-890,1,0.1,C,704000,704000
аренда,Офисное помещение,421-430,1,0.1,C,420000,420000
аренда,Офисное помещение,941-950,1,0.1,C,660030,660030
аренда,Офисное помещение,2501-2510,1,0.1,C,1000000,1000000
аренда,Офисное помещение,1021-1030,1,0.1,C,1225200,1225200
аренда,Офисное помещение,1741-1750,1,0.1,C,570000,570000
аренда,Офисное помещение,451-460,1,0.1,C,800000,800000
аренда,Офисное помещение,521-530,1,0.1,C,650000,650000
аренда,Офисное помещение,5001-5010,1,0.1,C,5000000,5000000
аренда,Офисное помещение,3501-3510,1,0.1,C,3800000,3800000
аренда,Офисное помещение,1421-1430,1,0.1,C,1143296,1143296
аренда,Офисное помещение,1201-1210,1,0.1,C,1440000,1440000
аренда,Офисное помещение,1801-1810,1,0.1,C,2160000,2160000
аренда,Офисное помещение,441-450,1,0.1,C,193000,193000
аренда,Офисное помещение,981-990,1,0.1,C,882000,882000
аренда,Офисное помещение,1601-1610,1,0.1,C,1840000,1840000
аренда,Офисное помещение,341-350,1,0.1,C,345000,345000
аренда,Офисное помещение,581-590,1,0.1,C,641300,641300
аренда,Офисное помещение,801-810,1,0.1,C,380000,380000
аренда,Офисное помещение,901-910,1,0.1,C,450000,450000
аренда,Офисное помещение,1951-1960,1,0.1,C,2860000,2860000
аренда,Офисное помещение,741-750,1,0.1,C,1400000,1400000
аренда,Офисное помещение,631-640,1,0.1,C,602910,602910
аренда,Офисное помещение,921-930,1,0.1,C,1845000,1845000
аренда,Офисное помещение,321-330,1,0.1,C,277000,277000
аренда,Офисное помещение,331-340,1,0.1,C,601560,601560
аренда,Офисное помещение,411-420,1,0.1,C,407000,407000
аренда,Офисное помещение,361-370,1,0.1,C,252000,252000
аренда,Офисное помещение,701-710,1,0.1,C,420000,420000
аренда,Офисное помещение,1001-1010,1,0.1,C,500000,500000
аренда,Свободного назначения,61-70,152,9.0,A+,77243,73800
аренда,Свободного назначения,51-60,143,8.4,A+,64777,62000
аренда,Свободного назначения,41-50,118,7.0,A+,56545,55000
аренда,Свободного назначения,81-90,108,6.4,A+,99387,95000
аренда,Свободного назначения,71-80,108,6.4,A+,87654,80190
аренда,Свободного назначения,31-40,94,5.5,A+,43804,40000
аренда,Свободного назначения,91-100,89,5.3,A+,109924,100000
аренда,Свободного назначения,101-110,79,4.7,A,108170,103000
аренда,Свободного назначения,111-120,64,3.8,A,116134,117000
аренда,Свободного назначения,21-30,58,3.4,A,29478,27000
аренда,Свободного назначения,121-130,52,3.1,A,128657,120000
аренда,Свободного назначения,131-140,49,2.9,A,149638,152900
аренда,Свободного назначения,11-20,48,2.8,A,20829,17765
аренда,Свободного назначения,151-160,47,2.8,A,146814,150000
аренда,Свободного назначения,141-150,27,1.6,A,171883,145000
аренда,Свободного назначения,161-170,26,1.5,A,155654,161000
аренда,Свободного назначения,301-310,24,1.4,B,265455,250000
аренда,Свободного назначения,181-190,23,1.4,B,175317,150000
аренда,Свободного назначения,171-180,20,1.2,B,199990,180000
аренда,Свободного назначения,271-280,19,1.1,B,221313,225000
аренда,Свободного назначения,281-290,18,1.1,B,253709,230000
аренда,Свободного назначения,221-230,16,0.9,B,157051,150000
аренда,Свободного назначения,251-260,16,0.9,B,217529,200000
аренда,Свободного назначения,201-210,16,0.9,B,185446,190000
аренда,Свободного назначения,501-510,15,0.9,B,376333,300000
аренда,Свободного назначения,231-240,15,0.9,B,256219,234000
аренда,Свободного назначения,191-200,14,0.8,B,211908,171000
аренда,Свободного назначения,1-10,12,0.7,B,16083,10000
аренда,Свободного назначения,261-270,12,0.7,B,379101,350000
аренда,Свободного назначения,211-220,11,0.6,B,215577,168000
аренда,Свободного назначения,321-330,11,0.6,B,327758,324000
аренда,Свободного назначения,651-660,8,0.5,B,621812,652000
аренда,Свободного назначения,381-390,8,0.5,B,260375,300000
аренда,Свободного назначения,401-410,8,0.5,C,265142,300000
аренда,Свободного назначения,361-370,7,0.4,C,356608,290000
аренда,Свободного назначения,241-250,7,0.4,C,281083,245000
аренда,Свободного назначения,441-450,7,0.4,C,439657,440000
аренда,Свободного назначения,311-320,7,0.4,C,278047,250000
аренда,Свободного назначения,351-360,7,0.4,C,321000,350000
аренда,Свободного назначения,751-760,5,0.3,C,805840,750000
аренда,Свободного назначения,411-420,5,0.3,C,418656,450000
аренда,Свободного назначения,1501-1510,5,0.3,C,1210000,1275000
аренда,Свободного назначения,701-710,4,0.2,C,775000,700000
аренда,Свободного назначения,1001-1010,4,0.2,C,700000,1000000
аренда,Свободного назначения,661-670,4,0.2,C,634750,800000
аренда,Свободного назначения,1201-1210,4,0.2,C,1140700,1200000
аренда,Свободного назначения,601-610,4,0.2,C,454200,600000
аренда,Свободного назначения,331-340,4,0.2,C,259875,254500
аренда,Свободного назначения,291-300,4,0.2,C,222000,270000
аренда,Свободного назначения,371-380,3,0.2,C,330067,298400
аренда,Свободного назначения,991-1000,3,0.2,C,862333,792000
аренда,Свободного назначения,2001-2010,3,0.2,C,1666667,2000000
аренда,Свободного назначения,341-350,3,0.2,C,182053,180000
аренда,Свободного назначения,451-460,3,0.2,C,302000,300000
аренда,Свободного назначения,531-540,2,0.1,C,506220,535000
аренда,Свободного назначения,481-490,2,0.1,C,475000,600000
аренда,Свободного назначения,471-480,2,0.1,C,169000,238000
аренда,Свободного назначения,1101-1110,2,0.1,C,1215000,1430000
аренда,Свободного назначения,551-560,2,0.1,C,830000,1000000
аренда,Свободного назначения,801-810,2,0.1,C,895000,1040000
аренда,Свободного назначения,521-530,2,0.1,C,525460,634920
аренда,Свободного назначения,681-690,2,0.1,C,640750,681500
аренда,Свободного назначения,851-860,2,0.1,C,550000,850000
аренда,Свободного назначения,691-700,2,0.1,C,668500,785000
аренда,Свободного назначения,491-500,2,0.1,C,541500,740000
аренда,Свободного назначения,431-440,2,0.1,C,409500,559000
аренда,Свободного назначения,391-400,2,0.1,C,460620,471240
аренда,Свободного назначения,761-770,2,0.1,C,587880,725760
аренда,Свободного назначения,1411-1420,1,0.1,C,1270800,1270800
аренда,Свободного назначения,891-900,1,0.1,C,550000,550000
аренда,Свободного назначения,881-890,1,0.1,C,700000,700000
аренда,Свободного назначения,4801-4810,1,0.1,C,9999000,9999000
аренда,Свободного назначения,711-720,1,0.1,C,355000,355000
аренда,Свободного назначения,3601-3610,1,0.1,C,3240000,3240000
аренда,Свободного назначения,3171-3180,1,0.1,C,900000,900000
аренда,Свободного назначения,6001-6010,1,0.1,C,6000000,6000000
аренда,Свободного назначения,861-870,1,0.1,C,603000,603000
аренда,Свободного назначения,1801-1810,1,0.1,C,720000,720000
аренда,Свободного назначения,621-630,1,0.1,C,375000,375000
аренда,Свободного назначения,1181-1190,1,0.1,C,1000000,1000000
аренда,Свободного назначения,1421-1430,1,0.1,C,1350000,1350000
аренда,Свободного назначения,1711-1720,1,0.1,C,1500000,1500000
аренда,Свободного назначения,4401-4410,1,0.1,C,2204000,2204000
аренда,Свободного назначения,1481-1490,1,0.1,C,1188800,1188800
аренда,Свободного назначения,1341-1350,1,0.1,C,1200000,1200000
аренда,Свободного назначения,1081-1090,1,0.1,C,750000,750000
аренда,Свободного назначения,901-910,1,0.1,C,650000,650000
аренда,Свободного назначения,831-840,1,0.1,C,1100000,1100000
аренда,Свободного назначения,731-740,1,0.1,C,662400,662400
аренда,Свободного назначения,791-800,1,0.1,C,632000,632000
аренда,Свободного назначения,941-950,1,0.1,C,940000,940000
аренда,Свободного назначения,1211-1220,1,0.1,C,650000,650000
аренда,Свободного назначения,461-470,1,0.1,C,235000,235000
аренда,Свободного назначения,781-790,1,0.1,C,626400,626400
аренда,Свободного назначения,1311-1320,1,0.1,C,2000000,2000000
аренда,Свободного назначения,2161-2170,1,0.1,C,2808000,2808000
аренда,Свободного назначения,931-940,1,0.1,C,918000,918000
аренда,Свободного назначения,561-570,1,0.1,C,499000,499000
аренда,Свободного назначения,1371-1380,1,0.1,C,680000,680000
аренда,Свободного назначения,1151-1160,1,0.1,C,752000,752000
аренда,Свободного назначения,1241-1250,1,0.1,C,1866000,1866000
аренда,Свободного назначения,1031-1040,1,0.1,C,826400,826400
аренда,Свободного назначения,951-960,1,0.1,C,750000,750000
аренда,Свободного назначения,611-620,1,0.1,C,480000,480000
аренда,Свободного назначения,1231-1240,1,0.1,C,280000,280000
аренда,Свободного назначения,11551-11560,1,0.1,C,4043200,4043200
аренда,Свободного назначения,1351-1360,1,0.1,C,675000,675000
аренда,Свободного назначения,421-430,1,0.1,C,420000,420000
аренда,Свободного назначения,821-830,1,0.1,C,400000,400000
аренда,Свободного назначения,1041-1050,1,0.1,C,1040000,1040000
аренда,Свободного назначения,571-580,1,0.1,C,741000,741000
аренда,Свободного назначения,1301-1310,1,0.1,C,650000,650000
аренда,Свободного назначения,641-650,1,0.1,C,250000,250000
аренда,Свободного назначения,631-640,1,0.1,C,310000,310000
аренда,Торговое помещение,61-70,82,9.5,A+,85049,80280
аренда,Торговое помещение,51-60,75,8.7,A+,77375,70440
аренда,Торговое помещение,71-80,62,7.2,A+,98256,82570
аренда,Торговое помещение,81-90,62,7.2,A+,110012,108400
аренда,Торговое помещение,31-40,58,6.7,A+,51044,50000
аренда,Торговое помещение,91-100,55,6.4,A+,121822,110000
аренда,Торговое помещение,41-50,54,6.3,A,65142,65250
аренда,Торговое помещение,101-110,50,5.8,A,132749,130000
аренда,Торговое помещение,21-30,38,4.4,A,36053,35700
аренда,Торговое помещение,121-130,33,3.8,A,151440,148440
аренда,Торговое помещение,131-140,32,3.7,A,172425,172900
аренда,Торговое помещение,11-20,27,3.1,A,26724,19800
аренда,Торговое помещение,111-120,23,2.7,B,138638,130000
аренда,Торговое помещение,141-150,19,2.2,B,171023,175440
аренда,Торговое помещение,151-160,18,2.1,B,146389,150100
аренда,Торговое помещение,171-180,13,1.5,B,215377,245000
аренда,Торговое помещение,201-210,10,1.2,B,183305,200000
аренда,Торговое помещение,161-170,9,1.0,B,184313,199920
аренда,Торговое помещение,191-200,8,0.9,B,166250,175000
аренда,Торговое помещение,1-10,7,0.8,B,21143,17000
аренда,Торговое помещение,181-190,7,0.8,B,180646,161500
аренда,Торговое помещение,281-290,6,0.7,B,326517,390000
аренда,Торговое помещение,331-340,6,0.7,B,374083,397000
аренда,Торговое помещение,211-220,6,0.7,B,320768,321450
аренда,Торговое помещение,231-240,6,0.7,B,306480,283680
аренда,Торговое помещение,301-310,5,0.6,B,316320,300000
аренда,Торговое помещение,251-260,5,0.6,B,232500,200000
аренда,Торговое помещение,271-280,5,0.6,C,393600,330000
аренда,Торговое помещение,401-410,5,0.6,C,400596,400000
аренда,Торговое помещение,261-270,5,0.6,C,392996,478980
аренда,Торговое помещение,221-230,4,0.5,C,590600,456000
аренда,Торговое помещение,421-430,3,0.3,C,466121,400900
аренда,Торговое помещение,651-660,3,0.3,C,540783,577350
аренда,Торговое помещение,241-250,3,0.3,C,422213,365000
аренда,Торговое помещение,351-360,3,0.3,C,903767,674500
аренда,Торговое помещение,601-610,3,0.3,C,533333,600000
аренда,Торговое помещение,451-460,3,0.3,C,377305,407097
аренда,Торговое помещение,341-350,3,0.3,C,389613,380000
аренда,Торговое помещение,441-450,3,0.3,C,378471,500000
аренда,Торговое помещение,581-590,2,0.2,C,315000,460000
аренда,Торговое помещение,521-530,2,0.2,C,333000,416000
аренда,Торговое помещение,1201-1210,2,0.2,C,870000,900000
аренда,Торговое помещение,431-440,2,0.2,C,336500,436000
аренда,Торговое помещение,481-490,2,0.2,C,456000,576000
аренда,Торговое помещение,321-330,2,0.2,C,241250,320000
аренда,Торговое помещение,371-380,2,0.2,C,477475,568950
аренда,Торговое помещение,2001-2010,2,0.2,C,1500000,2000000
аренда,Торговое помещение,551-560,2,0.2,C,597825,835650
аренда,Торговое помещение,1421-1430,1,0.1,C,850000,850000
аренда,Торговое помещение,1501-1510,1,0.1,C,1050000,1050000
аренда,Торговое помещение,471-480,1,0.1,C,264000,264000
аренда,Торговое помещение,591-600,1,0.1,C,360000,360000
аренда,Торговое помещение,801-810,1,0.1,C,1000000,1000000
аренда,Торговое помещение,1411-1420,1,0.1,C,2150000,2150000
аренда,Торговое помещение,311-320,1,0.1,C,140220,140220
аренда,Торговое помещение,1001-1010,1,0.1,C,400000,400000
аренда,Торговое помещение,841-850,1,0.1,C,1344000,1344000
аренда,Торговое помещение,361-370,1,0.1,C,459700,459700
аренда,Торговое помещение,491-500,1,0.1,C,456000,456000
аренда,Торговое помещение,511-520,1,0.1,C,390000,390000
аренда,Торговое помещение,541-550,1,0.1,C,684000,684000
аренда,Торговое помещение,391-400,1,0.1,C,355248,355248
аренда,Торговое помещение,1701-1710,1,0.1,C,1534050,1534050
аренда,Торговое помещение,291-300,1,0.1,C,209860,209860
аренда,Торговое помещение,1391-1400,1,0.1,C,973252,973252
аренда,Торговое помещение,721-730,1,0.1,C,345000,345000
аренда,Торговое помещение,711-720,1,0.1,C,1207000,1207000
аренда,Торговое помещение,701-710,1,0.1,C,708000,708000
аренда,Торговое помещение,871-880,1,0.1,C,275000,275000
аренда,Торговое помещение,501-510,1,0.1,C,500000,500000
аренда,Торговое помещение,1341-1350,1,0.1,C,674000,674000
аренда,Торговое помещение,621-630,1,0.1,C,899290,899290
аренда,Торговое помещение,461-470,1,0.1,C,690000,690000
аренда,Торговое помещение,971-980,1,0.1,C,486000,486000
продажа,База/склад/производство,1-10,363,79.1,B,420322,360000
продажа,База/склад/производство,11-20,16,3.5,B,1013512,720400
продажа,База/склад/производство,1001-1010,4,0.9,B,30625000,39000000
продажа,База/склад/производство,121-130,3,0.7,B,16166667,14500000
продажа,База/склад/производство,251-260,2,0.4,B,4250000,6300000
продажа,База/склад/производство,381-390,2,0.4,B,12475000,16500000
продажа,База/склад/производство,291-300,2,0.4,B,7500000,11000000
продажа,База/склад/производство,21-30,2,0.4,B,1140300,1160000
продажа,База/склад/производство,201-210,2,0.4,B,16750000,25000000
продажа,База/склад/производство,1131-1140,2,0.4,B,180000000,240000000
продажа,База/склад/производство,1171-1180,1,0.2,B,9000000,9000000
продажа,База/склад/производство,1201-1210,1,0.2,B,70000000,70000000
продажа,База/склад/производство,721-730,1,0.2,B,85000000,85000000
продажа,База/склад/производство,951-960,1,0.2,B,35000000,35000000
продажа,База/склад/производство,81-90,1,0.2,B,10000000,10000000
продажа,База/склад/производство,701-710,1,0.2,B,140000000,140000000
продажа,База/склад/производство,1061-1070,1,0.2,B,125000000,125000000
продажа,База/склад/производство,9141-9150,1,0.2,B,2450000,2450000
продажа,База/склад/производство,13301-13310,1,0.2,B,150000000,150000000
продажа,База/склад/производство,3341-3350,1,0.2,B,159000000,159000000
продажа,База/склад/производство,1151-1160,1,0.2,B,58000000,58000000
продажа,База/склад/производство,971-980,1,0.2,B,39000000,39000000
продажа,База/склад/производство,1451-1460,1,0.2,B,60000000,60000000
продажа,База/склад/производство,2661-2670,1,0.2,B,37000000,37000000
продажа,База/склад/производство,17191-17200,1,0.2,B,10000000,10000000
продажа,База/склад/производство,411-420,1,0.2,C,8800000,8800000
продажа,База/склад/производство,661-670,1,0.2,C,62000000,62000000
продажа,База/склад/производство,1751-1760,1,0.2,C,175000000,175000000
продажа,База/склад/производство,30791-30800,1,0.2,C,80000000,80000000
продажа,База/склад/производство,3271-3280,1,0.2,C,300000000,300000000
продажа,База/склад/производство,341-350,1,0.2,C,70000000,70000000
продажа,База/склад/производство,111-120,1,0.2,C,4500000,4500000
продажа,База/склад/производство,1351-1360,1,0.2,C,180000000,180000000
продажа,База/склад/производство,401-410,1,0.2,C,40000000,40000000
продажа,База/склад/производство,501-510,1,0.2,C,47000000,47000000
продажа,База/склад/производство,1901-1910,1,0.2,C,60000000,60000000
продажа,База/склад/производство,1541-1550,1,0.2,C,46000000,46000000
продажа,База/склад/производство,1581-1590,1,0.2,C,90000000,90000000
продажа,База/склад/производство,11231-11240,1,0.2,C,130000000,130000000
продажа,База/склад/производство,521-530,1,0.2,C,25800000,25800000
продажа,База/склад/производство,171-180,1,0.2,C,6000000,6000000
продажа,База/склад/производство,1141-1150,1,0.2,C,80000000,80000000
продажа,База/склад/производство,1081-1090,1,0.2,C,99000000,99000000
продажа,База/склад/производство,2561-2570,1,0.2,C,250000000,250000000
продажа,База/склад/производство,71-80,1,0.2,C,130000000,130000000
продажа,База/склад/производство,181-190,1,0.2,C,21500000,21500000
продажа,База/склад/производство,801-810,1,0.2,C,34500000,34500000
продажа,База/склад/производство,4641-4650,1,0.2,C,210000000,210000000
продажа,База/склад/производство,1941-1950,1,0.2,C,353000000,353000000
продажа,База/склад/производство,981-990,1,0.2,C,105000000,105000000
продажа,База/склад/производство,5001-5010,1,0.2,C,210000000,210000000
продажа,База/склад/производство,2551-2560,1,0.2,C,220000000,220000000
продажа,База/склад/производство,1321-1330,1,0.2,C,105000000,105000000
продажа,База/склад/производство,1091-1100,1,0.2,C,4800000,4800000
продажа,База/склад/производство,5471-5480,1,0.2,C,465000000,465000000
продажа,База/склад/производство,1671-1680,1,0.2,C,140000000,140000000
продажа,База/склад/производство,161-170,1,0.2,C,12020000,12020000
продажа,База/склад/производство,1821-1830,1,0.2,C,69000000,69000000
продажа,База/склад/производство,1341-1350,1,0.2,C,150000000,150000000
продажа,База/склад/производство,22691-22700,1,0.2,C,2000000000,2000000000
продажа,База/склад/производство,70431-70440,1,0.2,C,475420000,475420000
продажа,База/склад/производство,1361-1370,1,0.2,C,39000000,39000000
продажа,База/склад/производство,9911-9920,1,0.2,C,75000000,75000000
продажа,База/склад/производство,271-280,1,0.2,C,20500000,20500000
продажа,База/склад/производство,6151-6160,1,0.2,C,13500000,13500000
продажа,База/склад/производство,10001-10010,1,0.2,C,24500000,24500000
продажа,База/склад/производство,91-100,1,0.2,C,2300000,2300000
продажа,База/склад/производство,241-250,1,0.2,C,13000000,13000000
продажа,База/склад/производство,691-700,1,0.2,C,1000000,1000000
продажа,База/склад/производство,51-60,1,0.2,C,950000,950000
продажа,База/склад/производство,47491-47500,1,0.2,C,550000,550000
продажа,Готовый бизнес,51-60,13,10.7,A+,2719231,2000000
продажа,Готовый бизнес,81-90,9,7.4,A+,3822222,2400000
продажа,Готовый бизнес,21-30,9,7.4,A+,2633222,1699000
продажа,Готовый бизнес,31-40,8,6.6,A+,4712500,4700000
продажа,Готовый бизнес,61-70,7,5.8,A+,4178571,1350000
продажа,Готовый бизнес,41-50,6,5.0,A+,4193333,2900000
продажа,Готовый бизнес,71-80,5,4.1,A+,2396000,2390000
продажа,Готовый бизнес,91-100,4,3.3,A,3624750,5200000
продажа,Готовый бизнес,11-20,4,3.3,A,487500,500000
продажа,Готовый бизнес,341-350,3,2.5,A,35000000,30000000
продажа,Готовый бизнес,171-180,3,2.5,A,32966667,32100000
продажа,Готовый бизнес,121-130,3,2.5,A,10233333,2900000
продажа,Готовый бизнес,101-110,3,2.5,A,2083333,2000000
продажа,Готовый бизнес,141-150,3,2.5,A,12300000,13900000
продажа,Готовый бизнес,161-170,3,2.5,A,15666667,11000000
продажа,Готовый бизнес,111-120,3,2.5,A,6530000,5500000
продажа,Готовый бизнес,151-160,3,2.5,A,11266667,2500000
продажа,Готовый бизнес,291-300,2,1.7,B,39750000,45000000
продажа,Готовый бизнес,401-410,2,1.7,B,15700000,21000000
продажа,Готовый бизнес,321-330,2,1.7,B,8250000,15000000
продажа,Готовый бизнес,881-890,2,1.7,B,30000000,30000000
продажа,Готовый бизнес,131-140,2,1.7,B,3175000,5600000
продажа,Готовый бизнес,1-10,2,1.7,B,350000,450000
продажа,Готовый бизнес,601-610,2,1.7,B,13700000,15000000
продажа,Готовый бизнес,1761-1770,1,0.8,B,22800000,22800000
продажа,Готовый бизнес,521-530,1,0.8,B,15000000,15000000
продажа,Готовый бизнес,211-220,1,0.8,B,15000000,15000000
продажа,Готовый бизнес,561-570,1,0.8,B,11500000,11500000
продажа,Готовый бизнес,1711-1720,1,0.8,B,6000000,6000000
продажа,Готовый бизнес,451-460,1,0.8,C,6500000,6500000
продажа,Готовый бизнес,371-380,1,0.8,C,68500000,68500000
продажа,Готовый бизнес,941-950,1,0.8,C,28000000,28000000
продажа,Готовый бизнес,351-360,1,0.8,C,8000000,8000000
продажа,Готовый бизнес,4551-4560,1,0.8,C,250000000,250000000
продажа,Готовый бизнес,1362421-1362430,1,0.8,C,130000000,130000000
продажа,Готовый бизнес,261-270,1,0.8,C,2500000,2500000
продажа,Готовый бизнес,631-640,1,0.8,C,15000000,15000000
продажа,Готовый бизнес,501-510,1,0.8,C,35000000,35000000
продажа,Готовый бизнес,581-590,1,0.8,C,1790000,1790000
продажа,Готовый бизнес,1231-1240,1,0.8,C,50000000,50000000
продажа,Готовый бизнес,411-420,1,0.8,C,72230000,72230000
продажа,Готовый бизнес,3501-3510,1,0.8,C,10000000,10000000
продажа,Коммерческий участок,10001-10010,58,9.8,A+,12194466,1825000
продажа,Коммерческий участок,5001-5010,32,5.4,A+,9289656,7500000
продажа,Коммерческий участок,2501-2510,9,1.5,A+,5000000,5000000
продажа,Коммерческий участок,20001-20010,8,1.4,A+,12837500,11000000
продажа,Коммерческий участок,60001-60010,7,1.2,A+,7254286,1500000
продажа,Коммерческий участок,113001-113010,6,1.0,A+,1427333,1582000
продажа,Коммерческий участок,1501-1510,6,1.0,A+,10533333,5200000
продажа,Коммерческий участок,1201-1210,6,1.0,A+,4408333,4000000
продажа,Коммерческий участок,65131-65140,6,1.0,A+,19541100,19541100
продажа,Коммерческий участок,50001-50010,5,0.8,A+,24478000,11400000
продажа,Коммерческий участок,35001-35010,5,0.8,A+,2340000,2100000
продажа,Коммерческий участок,22001-22010,5,0.8,A+,20440000,22000000
продажа,Коммерческий участок,601-610,4,0.7,A+,10562500,5100000
продажа,Коммерческий участок,3001-3010,4,0.7,A+,57650000,11300000
продажа,Коммерческий участок,30001-30010,4,0.7,A+,113730000,2600000
продажа,Коммерческий участок,10161-10170,4,0.7,A+,24927250,25500000
продажа,Коммерческий участок,201-210,3,0.5,A+,11166667,11000000
продажа,Коммерческий участок,1001-1010,3,0.5,A+,13666667,15000000
продажа,Коммерческий участок,47911-47920,3,0.5,A+,1566667,1350000
продажа,Коммерческий участок,20231-20240,3,0.5,A+,4866667,6100000
продажа,Коммерческий участок,43001-43010,3,0.5,A+,68666667,96000000
продажа,Коммерческий участок,80001-80010,3,0.5,A+,11800000,9900000
продажа,Коммерческий участок,101-110,3,0.5,A+,6380000,1490000
продажа,Коммерческий участок,301-310,3,0.5,A+,16000000,12000000
продажа,Коммерческий участок,29001-29010,3,0.5,A+,11500000,15000000
продажа,Коммерческий участок,2001-2010,3,0.5,A+,7000000,2000000
продажа,Коммерческий участок,7501-7510,3,0.5,A+,46633333,35000000
продажа,Коммерческий участок,5181-5190,3,0.5,A+,7096667,7100000
продажа,Коммерческий участок,280001-280010,3,0.5,A+,101296667,8990000
продажа,Коммерческий участок,120001-120010,3,0.5,A+,6813333,1900000
продажа,Коммерческий участок,40001-40010,3,0.5,A+,5983333,1950000
продажа,Коммерческий участок,10011-10020,3,0.5,A+,1303333,1270000
продажа,Коммерческий участок,61-70,2,0.3,A+,29900000,55300000
продажа,Коммерческий участок,701-710,2,0.3,A+,1450000,1500000
продажа,Коммерческий участок,5271-5280,2,0.3,A+,15500000,18000000
продажа,Коммерческий участок,2021-2030,2,0.3,A+,6799500,8600000
продажа,Коммерческий участок,15001-15010,2,0.3,A+,5950000,5950000
продажа,Коммерческий участок,2401-2410,2,0.3,A+,5300000,5500000
продажа,Коммерческий участок,15181-15190,2,0.3,A+,21750000,43280000
продажа,Коммерческий участок,2731-2740,2,0.3,A+,32250000,58000000
продажа,Коммерческий участок,931-940,2,0.3,A+,3975000,6350000
продажа,Коммерческий участок,11001-11010,2,0.3,A+,80000000,80500000
продажа,Коммерческий участок,16031-16040,2,0.3,A+,600000,800000
продажа,Коммерческий участок,19001-19010,2,0.3,A+,93000000,176000000
продажа,Коммерческий участок,5521-5530,2,0.3,A+,42500000,45000000
продажа,Коммерческий участок,8001-8010,2,0.3,A+,62500000,100000000
продажа,Коммерческий участок,9001-9010,2,0.3,A+,68000000,111000000
продажа,Коммерческий участок,9991-10000,2,0.3,A+,10460000,10500000
продажа,Коммерческий участок,14001-14010,2,0.3,A+,2105000,2600000
продажа,Коммерческий участок,111-120,2,0.3,A+,1075000,1100000
продажа,Коммерческий участок,1301-1310,2,0.3,A+,12500000,14500000
продажа,Коммерческий участок,801-810,2,0.3,A+,10650000,20000000
продажа,Коммерческий участок,901-910,2,0.3,A+,2450000,4000000
продажа,Коммерческий участок,10021-10030,2,0.3,A+,1025000,1100000
продажа,Коммерческий участок,9501-9510,2,0.3,A+,92000000,115000000
продажа,Коммерческий участок,501-510,2,0.3,A+,1600000,1600000
продажа,Коммерческий участок,5501-5510,2,0.3,A+,40100000,74000000
продажа,Коммерческий участок,2511-2520,2,0.3,A+,7575000,12900000
продажа,Коммерческий участок,6751-6760,2,0.3,A+,4346394,6492788
продажа,Коммерческий участок,5031-5040,2,0.3,A+,4400000,7500000
продажа,Коммерческий участок,1051-1060,2,0.3,A+,13550000,25000000
продажа,Коммерческий участок,112001-112010,2,0.3,A+,1680000,1680000
продажа,Коммерческий участок,1101-1110,2,0.3,A+,55000000,55000000
продажа,Коммерческий участок,751-760,2,0.3,A+,25000000,44000000
продажа,Коммерческий участок,21861-21870,2,0.3,A+,28400000,28400000
продажа,Коммерческий участок,17001-17010,2,0.3,A+,845000,1450000
продажа,Коммерческий участок,2601-2610,2,0.3,A+,12000000,12000000
продажа,Коммерческий участок,271-280,2,0.3,A+,34250000,50000000
продажа,Коммерческий участок,1571-1580,2,0.3,A+,20750000,25000000
продажа,Коммерческий участок,651-660,1,0.2,A+,2200000,2200000
продажа,Коммерческий участок,7801-7810,1,0.2,A+,72500000,72500000
продажа,Коммерческий участок,25001-25010,1,0.2,A+,38000000,38000000
продажа,Коммерческий участок,1581-1590,1,0.2,A,14990000,14990000
продажа,Коммерческий участок,56601-56610,1,0.2,A,99929000,99929000
продажа,Коммерческий участок,451-460,1,0.2,A,49000000,49000000
продажа,Коммерческий участок,24761-24770,1,0.2,A,11600000,11600000
продажа,Коммерческий участок,1121-1130,1,0.2,A,20500000,20500000
продажа,Коммерческий участок,491-500,1,0.2,A,900000,900000
продажа,Коммерческий участок,9971-9980,1,0.2,A,11500000,11500000
продажа,Коммерческий участок,28021-28030,1,0.2,A,15000000,15000000
продажа,Коммерческий участок,40101-40110,1,0.2,A,450000000,450000000
продажа,Коммерческий участок,7741-7750,1,0.2,A,156000000,156000000
продажа,Коммерческий участок,66001-66010,1,0.2,A,6400000,6400000
продажа,Коммерческий участок,581-590,1,0.2,A,39900000,39900000
продажа,Коммерческий участок,36291-36300,1,0.2,A,13000000,13000000
продажа,Коммерческий участок,24001-24010,1,0.2,A,2650000,2650000
продажа,Коммерческий участок,152281-152290,1,0.2,A,62000000,62000000
продажа,Коммерческий участок,104631-104640,1,0.2,A,800000,800000
продажа,Коммерческий участок,17721-17730,1,0.2,A,5000000,5000000
продажа,Коммерческий участок,150001-150010,1,0.2,A,37000000,37000000
продажа,Коммерческий участок,83591-83600,1,0.2,A,39000000,39000000
продажа,Коммерческий участок,14301-14310,1,0.2,A,6750000,6750000
продажа,Коммерческий участок,4651-4660,1,0.2,A,90000000,90000000
продажа,Коммерческий участок,1191-1200,1,0.2,A,4000000,4000000
продажа,Коммерческий участок,112991-113000,1,0.2,A,1100000,1100000
продажа,Коммерческий участок,6301-6310,1,0.2,A,35000000,35000000
продажа,Коммерческий участок,39101-39110,1,0.2,A,26533000,26533000
продажа,Коммерческий участок,429961-429970,1,0.2,A,13500000,13500000
продажа,Коммерческий участок,421-430,1,0.2,A,9900000,9900000
продажа,Коммерческий участок,595781-595790,1,0.2,A,1100000,1100000
продажа,Коммерческий участок,29991-30000,1,0.2,A,11000000,11000000
продажа,Коммерческий участок,13821-13830,1,0.2,A,5950000,5950000
продажа,Коммерческий участок,13811-13820,1,0.2,A,5950000,5950000
продажа,Коммерческий участок,13881-13890,1,0.2,A,5950000,5950000
продажа,Коммерческий участок,13891-13900,1,0.2,A,5950000,5950000
продажа,Коммерческий участок,20991-21000,1,0.2,A,70000000,70000000
продажа,Коммерческий участок,15451-15460,1,0.2,A,9200000,9200000
продажа,Коммерческий участок,6161-6170,1,0.2,A,12700000,12700000
продажа,Коммерческий участок,48531-48540,1,0.2,A,108000000,108000000
продажа,Коммерческий участок,153051-153060,1,0.2,A,2400000,2400000
продажа,Коммерческий участок,60111-60120,1,0.2,A,1200000,1200000
продажа,Коммерческий участок,24601-24610,1,0.2,A,55987000,55987000
продажа,Коммерческий участок,81201-81210,1,0.2,A,45000000,45000000
продажа,Коммерческий участок,476781-476790,1,0.2,A,14200000,14200000
продажа,Коммерческий участок,32401-32410,1,0.2,A,73633000,73633000
продажа,Коммерческий участок,26001-26010,1,0.2,A,20000000,20000000
продажа,Коммерческий участок,98761-98770,1,0.2,A,162000000,162000000
продажа,Коммерческий участок,234931-234940,1,0.2,A,13000000,13000000
продажа,Коммерческий участок,921441-921450,1,0.2,A,30000000,30000000
продажа,Коммерческий участок,47121-47130,1,0.2,A,14200000,14200000
продажа,Коммерческий участок,21111-21120,1,0.2,A,1099000,1099000
продажа,Коммерческий участок,18711-18720,1,0.2,A,2999000,2999000
продажа,Коммерческий участок,92301-92310,1,0.2,A,9000000,9000000
продажа,Коммерческий участок,50191-50200,1,0.2,A,186200000,186200000
продажа,Коммерческий участок,4551-4560,1,0.2,A,26000000,26000000
продажа,Коммерческий участок,3171-3180,1,0.2,A,9900000,9900000
продажа,Коммерческий участок,1541-1550,1,0.2,A,3100000,3100000
продажа,Коммерческий участок,8751-8760,1,0.2,A,10000000,10000000
продажа,Коммерческий участок,3483601-3483610,1,0.2,A,5000000,5000000
продажа,Коммерческий участок,38211-38220,1,0.2,A,3800000,3800000
продажа,Коммерческий участок,32091-32100,1,0.2,A,3200000,3200000
продажа,Коммерческий участок,401-410,1,0.2,A,3500000,3500000
продажа,Коммерческий участок,96001-96010,1,0.2,A,15900000,15900000
продажа,Коммерческий участок,384001-384010,1,0.2,A,15900000,15900000
продажа,Коммерческий участок,1651-1660,1,0.2,A,6000000,6000000
продажа,Коммерческий участок,471-480,1,0.2,A,3300000,3300000
продажа,Коммерческий участок,3801-3810,1,0.2,A,5300000,5300000
продажа,Коммерческий участок,31271-31280,1,0.2,A,1800000,1800000
продажа,Коммерческий участок,198001-198010,1,0.2,A,10000000,10000000
продажа,Коммерческий участок,8321-8330,1,0.2,A,67000000,67000000
продажа,Коммерческий участок,14051-14060,1,0.2,A,700000,700000
продажа,Коммерческий участок,5461-5470,1,0.2,A,7200000,7200000
продажа,Коммерческий участок,11511-11520,1,0.2,A,15640000,15640000
продажа,Коммерческий участок,7991-8000,1,0.2,A,10739000,10739000
продажа,Коммерческий участок,5141-5150,1,0.2,A,6800000,6800000
продажа,Коммерческий участок,5281-5290,1,0.2,A,8400000,8400000
продажа,Коммерческий участок,951-960,1,0.2,A,950000,950000
продажа,Коммерческий участок,941-950,1,0.2,A,950000,950000
продажа,Коммерческий участок,9941-9950,1,0.2,A,4500000,4500000
продажа,Коммерческий участок,8481-8490,1,0.2,A,170000000,170000000
продажа,Коммерческий участок,66501-66510,1,0.2,A,1600000,1600000
продажа,Коммерческий участок,9774971-9774980,1,0.2,A,140000000,140000000
продажа,Коммерческий участок,60261-60270,1,0.2,A,18000000,18000000
продажа,Коммерческий участок,531-540,1,0.2,A,11500000,11500000
продажа,Коммерческий участок,6811-6820,1,0.2,A,7900000,7900000
продажа,Коммерческий участок,12191-12200,1,0.2,A,54000000,54000000
продажа,Коммерческий участок,31991-32000,1,0.2,A,4750000,4750000
продажа,Коммерческий участок,4501-4510,1,0.2,A,63000000,63000000
продажа,Коммерческий участок,7101-7110,1,0.2,A,91000000,91000000
продажа,Коммерческий участок,135481-135490,1,0.2,A,11500000,11500000
продажа,Коммерческий участок,100001-100010,1,0.2,A,8500000,8500000
продажа,Коммерческий участок,14831-14840,1,0.2,A,3700000,3700000
продажа,Коммерческий участок,1211-1220,1,0.2,A,3000000,3000000
продажа,Коммерческий участок,3271-3280,1,0.2,A,6900000,6900000
продажа,Коммерческий участок,79241-79250,1,0.2,A,23000000,23000000
продажа,Коммерческий участок,162921-162930,1,0.2,A,15000000,15000000
продажа,Коммерческий участок,731-740,1,0.2,A,10500000,10500000
продажа,Коммерческий участок,871-880,1,0.2,A,7500000,7500000
продажа,Коммерческий участок,16881-16890,1,0.2,A,32000000,32000000
продажа,Коммерческий участок,4161-4170,1,0.2,A,13300000,13300000
продажа,Коммерческий участок,4681-4690,1,0.2,A,30000000,30000000
продажа,Коммерческий участок,6001-6010,1,0.2,A,78000000,78000000
продажа,Коммерческий участок,25621-25630,1,0.2,A,450000000,450000000
продажа,Коммерческий участок,1400001-1400010,1,0.2,A,30000000,30000000
продажа,Коммерческий участок,20311-20320,1,0.2,A,6300000,6300000
продажа,Коммерческий участок,5301-5310,1,0.2,A,30000000,30000000
продажа,Коммерческий участок,10041-10050,1,0.2,A,2500000,2500000
продажа,Коммерческий участок,10061-10070,1,0.2,A,2500000,2500000
продажа,Коммерческий участок,6511-6520,1,0.2,A,11100000,11100000
продажа,Коммерческий участок,7831-7840,1,0.2,A,920000,920000
продажа,Коммерческий участок,672001-672010,1,0.2,A,2000000,2000000
продажа,Коммерческий участок,2011-2020,1,0.2,A,7200000,7200000
продажа,Коммерческий участок,1530001-1530010,1,0.2,A,23000000,23000000
продажа,Коммерческий участок,6051-6060,1,0.2,A,14550000,14550000
продажа,Коммерческий участок,6071-6080,1,0.2,A,14550000,14550000
продажа,Коммерческий участок,14771-14780,1,0.2,A,20740000,20740000
продажа,Коммерческий участок,6681-6690,1,0.2,A,9250000,9250000
продажа,Коммерческий участок,5881-5890,1,0.2,A,14200000,14200000
продажа,Коммерческий участок,7961-7970,1,0.2,A,10870000,10870000
продажа,Коммерческий участок,2281-2290,1,0.2,A,16850000,16850000
продажа,Коммерческий участок,32291-32300,1,0.2,A,9000000,9000000
продажа,Коммерческий участок,14801-14810,1,0.2,A,2200000,2200000
продажа,Коммерческий участок,431-440,1,0.2,A,3900000,3900000
продажа,Коммерческий участок,3701-3710,1,0.2,A,10580000,10580000
продажа,Коммерческий участок,63621-63630,1,0.2,A,1150000,1150000
продажа,Коммерческий участок,21531-21540,1,0.2,A,600000,600000
продажа,Коммерческий участок,12001-12010,1,0.2,A,1150000,1150000
продажа,Коммерческий участок,121-130,1,0.2,A,1350000,1350000
продажа,Коммерческий участок,521-530,1,0.2,A,2800000,2800000
продажа,Коммерческий участок,691-700,1,0.2,A,3800000,3800000
продажа,Коммерческий участок,641-650,1,0.2,A,3700000,3700000
продажа,Коммерческий участок,16161-16170,1,0.2,A,5500000,5500000
продажа,Коммерческий участок,260271-260280,1,0.2,A,1500000,1500000
продажа,Коммерческий участок,10601-10610,1,0.2,A,2100000,2100000
продажа,Коммерческий участок,10201-10210,1,0.2,A,330000,330000
продажа,Коммерческий участок,67001-67010,1,0.2,A,4000000,4000000
продажа,Коммерческий участок,86001-86010,1,0.2,A,25800000,25800000
продажа,Коммерческий участок,57001-57010,1,0.2,A,5750000,5750000
продажа,Коммерческий участок,351-360,1,0.2,A,10450000,10450000
продажа,Коммерческий участок,105651-105660,1,0.2,A,3500000,3500000
продажа,Коммерческий участок,20061-20070,1,0.2,A,8000000,8000000
продажа,Коммерческий участок,25401-25410,1,0.2,A,1900000,1900000
продажа,Коммерческий участок,33801-33810,1,0.2,A,15000000,15000000
продажа,Коммерческий участок,110191-110200,1,0.2,A,3950000,3950000
продажа,Коммерческий участок,42991-43000,1,0.2,A,20500000,20500000
продажа,Коммерческий участок,48741-48750,1,0.2,A,4000000,4000000
продажа,Коммерческий участок,4001-4010,1,0.2,A,56000000,56000000
продажа,Коммерческий участок,6501-6510,1,0.2,A,84000000,84000000
продажа,Коммерческий участок,8501-8510,1,0.2,A,106000000,106000000
продажа,Коммерческий участок,30961-30970,1,0.2,B,10500000,10500000
продажа,Коммерческий участок,45141-45150,1,0.2,B,6100000,6100000
продажа,Коммерческий участок,856251-856260,1,0.2,B,3000000,3000000
продажа,Коммерческий участок,46051-46060,1,0.2,B,13816200,13816200
продажа,Коммерческий участок,99601-99610,1,0.2,B,2200000,2200000
продажа,Коммерческий участок,18001-18010,1,0.2,B,9700000,9700000
продажа,Коммерческий участок,41001-41010,1,0.2,B,22500000,22500000
продажа,Коммерческий участок,21801-21810,1,0.2,B,5000000,5000000
продажа,Коммерческий участок,113041-113050,1,0.2,B,1600000,1600000
продажа,Коммерческий участок,178401-178410,1,0.2,B,5900000,5900000
продажа,Коммерческий участок,180371-180380,1,0.2,B,13000000,13000000
продажа,Коммерческий участок,47611-47620,1,0.2,B,7500000,7500000
продажа,Коммерческий участок,21551-21560,1,0.2,B,180000000,180000000
продажа,Коммерческий участок,24341-24350,1,0.2,B,58000000,58000000
продажа,Коммерческий участок,64141-64150,1,0.2,B,19243200,19243200
продажа,Коммерческий участок,45191-45200,1,0.2,B,13557900,13557900
продажа,Коммерческий участок,12481-12490,1,0.2,B,8800000,8800000
продажа,Коммерческий участок,1881-1890,1,0.2,B,8500000,8500000
продажа,Коммерческий участок,84001-84010,1,0.2,B,10200000,10200000
продажа,Коммерческий участок,266931-266940,1,0.2,B,17000000,17000000
продажа,Коммерческий участок,10401-10410,1,0.2,B,1000000,1000000
продажа,Коммерческий участок,10431-10440,1,0.2,B,1000000,1000000
продажа,Коммерческий участок,10821-10830,1,0.2,B,1000000,1000000
продажа,Коммерческий участок,105411-105420,1,0.2,B,82490000,82490000
продажа,Коммерческий участок,449001-449010,1,0.2,B,449000000,449000000
продажа,Коммерческий участок,175691-175700,1,0.2,B,900000,900000
продажа,Коммерческий участок,53561-53570,1,0.2,B,245000,245000
продажа,Коммерческий участок,42001-42010,1,0.2,B,5555555,5555555
продажа,Коммерческий участок,78001-78010,1,0.2,B,3100000,3100000
продажа,Коммерческий участок,51001-51010,1,0.2,B,880000,880000
продажа,Коммерческий участок,47901-47910,1,0.2,B,950000,950000
продажа,Коммерческий участок,40401-40410,1,0.2,B,2100000,2100000
продажа,Коммерческий участок,93231-93240,1,0.2,B,320000000,320000000
продажа,Коммерческий участок,10311-10320,1,0.2,B,170000,170000
продажа,Коммерческий участок,1131-1140,1,0.2,B,57000000,57000000
продажа,Коммерческий участок,85001-85010,1,0.2,B,3000000,3000000
продажа,Коммерческий участок,35941-35950,1,0.2,B,25000000,25000000
продажа,Коммерческий участок,49711-49720,1,0.2,B,12900000,12900000
продажа,Коммерческий участок,16781-16790,1,0.2,B,850000,850000
продажа,Коммерческий участок,43141-43150,1,0.2,B,560819970,560819970
продажа,Коммерческий участок,71421-71430,1,0.2,B,147000000,147000000
продажа,Коммерческий участок,65951-65960,1,0.2,B,26400000,26400000
продажа,Коммерческий участок,10031-10040,1,0.2,B,12200000,12200000
продажа,Коммерческий участок,29941-29950,1,0.2,B,3600000,3600000
продажа,Коммерческий участок,197451-197460,1,0.2,B,105000000,105000000
продажа,Коммерческий участок,138191-138200,1,0.2,B,72000000,72000000
продажа,Коммерческий участок,503341-503350,1,0.2,B,260000000,260000000
продажа,Коммерческий участок,5631-5640,1,0.2,B,365000000,365000000
продажа,Коммерческий участок,1831-1840,1,0.2,B,50100000,50100000
продажа,Коммерческий участок,28821-28830,1,0.2,B,110000000,110000000
продажа,Коммерческий участок,63051-63060,1,0.2,B,143173792,143173792
продажа,Коммерческий участок,261721-261730,1,0.2,B,170000000,170000000
продажа,Коммерческий участок,278521-278530,1,0.2,B,187000000,187000000
продажа,Коммерческий участок,355641-355650,1,0.2,B,390000000,390000000
продажа,Коммерческий участок,6381-6390,1,0.2,B,10000000,10000000
продажа,Коммерческий участок,14931-14940,1,0.2,B,16500000,16500000
продажа,Коммерческий участок,89671-89680,1,0.2,B,140000000,140000000
продажа,Коммерческий участок,1221-1230,1,0.2,B,39500000,39500000
продажа,Коммерческий участок,383841-383850,1,0.2,B,600000000,600000000
продажа,Коммерческий участок,446671-446680,1,0.2,B,688499970,688499970
продажа,Коммерческий участок,2521-2530,1,0.2,B,5000000,5000000
продажа,Коммерческий участок,2411-2420,1,0.2,B,5000000,5000000
продажа,Коммерческий участок,14991-15000,1,0.2,B,2530000,2530000
продажа,Коммерческий участок,3201-3210,1,0.2,B,12000000,12000000
продажа,Коммерческий участок,215801-215810,1,0.2,B,756000000,756000000
продажа,Коммерческий участок,2351-2360,1,0.2,B,28000000,28000000
продажа,Коммерческий участок,681-690,1,0.2,B,12700000,12700000
продажа,Коммерческий участок,1232071-1232080,1,0.2,B,20000000,20000000
продажа,Коммерческий участок,1717281-1717290,1,0.2,B,25000000,25000000
продажа,Коммерческий участок,2751-2760,1,0.2,B,4500000,4500000
продажа,Коммерческий участок,991-1000,1,0.2,B,14000000,14000000
продажа,Коммерческий участок,6361-6370,1,0.2,B,35000000,35000000
продажа,Коммерческий участок,5981-5990,1,0.2,B,7000000,7000000
продажа,Коммерческий участок,31501-31510,1,0.2,B,205000000,205000000
продажа,Коммерческий участок,21841-21850,1,0.2,B,28400000,28400000
продажа,Коммерческий участок,4771-4780,1,0.2,B,17050000,17050000
продажа,Коммерческий участок,110001-110010,1,0.2,B,1450000,1450000
продажа,Коммерческий участок,740851-740860,1,0.2,B,23000000,23000000
продажа,Коммерческий участок,32911-32920,1,0.2,B,400000,400000
продажа,Коммерческий участок,13731-13740,1,0.2,B,210000,210000
продажа,Коммерческий участок,13541-13550,1,0.2,B,200000,200000
продажа,Коммерческий участок,290001-290010,1,0.2,B,448000000,448000000
продажа,Коммерческий участок,10331-10340,1,0.2,B,1300000,1300000
продажа,Коммерческий участок,5011-5020,1,0.2,B,17000000,17000000
продажа,Коммерческий участок,13071-13080,1,0.2,B,2800000,2800000
продажа,Коммерческий участок,10211-10220,1,0.2,B,1180000,1180000
продажа,Коммерческий участок,1251-1260,1,0.2,B,15600000,15600000
продажа,Коммерческий участок,5201-5210,1,0.2,B,24000000,24000000
продажа,Коммерческий участок,10101-10110,1,0.2,B,29500000,29500000
продажа,Коммерческий участок,400001-400010,1,0.2,C,4000000,4000000
продажа,Коммерческий участок,5111-5120,1,0.2,C,4900000,4900000
продажа,Коммерческий участок,134001-134010,1,0.2,C,8750000,8750000
продажа,Коммерческий участок,10501-10510,1,0.2,C,5200000,5200000
продажа,Коммерческий участок,311-320,1,0.2,C,7500000,7500000
продажа,Коммерческий участок,15901-15910,1,0.2,C,5500000,5500000
продажа,Коммерческий участок,4301-4310,1,0.2,C,11000000,11000000
продажа,Коммерческий участок,9601-9610,1,0.2,C,22000000,22000000
продажа,Коммерческий участок,2151-2160,1,0.2,C,50000000,50000000
продажа,Коммерческий участок,10171-10180,1,0.2,C,540000,540000
продажа,Коммерческий участок,104641-104650,1,0.2,C,4180000,4180000
продажа,Коммерческий участок,13451-13460,1,0.2,C,25000000,25000000
продажа,Коммерческий участок,31921-31930,1,0.2,C,5000000,5000000
продажа,Коммерческий участок,10771-10780,1,0.2,C,8880000,8880000
продажа,Коммерческий участок,11891-11900,1,0.2,C,9800000,9800000
продажа,Коммерческий участок,6601-6610,1,0.2,C,23320000,23320000
продажа,Коммерческий участок,29711-29720,1,0.2,C,370000,370000
продажа,Коммерческий участок,25421-25430,1,0.2,C,322000,322000
продажа,Коммерческий участок,11811-11820,1,0.2,C,190000,190000
продажа,Коммерческий участок,13931-13940,1,0.2,C,210000,210000
продажа,Коммерческий участок,10361-10370,1,0.2,C,8550000,8550000
продажа,Коммерческий участок,1005001-1005010,1,0.2,C,25000000,25000000
продажа,Коммерческий участок,20471-20480,1,0.2,C,280000,280000
продажа,Коммерческий участок,44891-44900,1,0.2,C,525000,525000
продажа,Коммерческий участок,10561-10570,1,0.2,C,14700000,14700000
продажа,Коммерческий участок,48271-48280,1,0.2,C,84050000,84050000
продажа,Коммерческий участок,82841-82850,1,0.2,C,60000000,60000000
продажа,Коммерческий участок,13571-13580,1,0.2,C,215000,215000
продажа,Коммерческий участок,18851-18860,1,0.2,C,267000,267000
продажа,Коммерческий участок,45221-45230,1,0.2,C,528000,528000
продажа,Коммерческий участок,10141-10150,1,0.2,C,165000,165000
продажа,Коммерческий участок,57391-57400,1,0.2,C,7000000,7000000
продажа,Коммерческий участок,81051-81060,1,0.2,C,150000000,150000000
продажа,Коммерческий участок,891-900,1,0.2,C,4200000,4200000
продажа,Коммерческий участок,71-80,1,0.2,C,3800000,3800000
продажа,Коммерческий участок,281-290,1,0.2,C,24500000,24500000
продажа,Коммерческий участок,841-850,1,0.2,C,380000,380000
продажа,Коммерческий участок,921-930,1,0.2,C,14999000,14999000
продажа,Коммерческий участок,91-100,1,0.2,C,11000000,11000000
продажа,Коммерческий участок,200001-200010,1,0.2,C,650000000,650000000
продажа,Коммерческий участок,24301-24310,1,0.2,C,60990000,60990000
продажа,Коммерческий участок,569701-569710,1,0.2,C,13000000,13000000
продажа,Коммерческий участок,79361-79370,1,0.2,C,15000000,15000000
продажа,Коммерческий участок,10541-10550,1,0.2,C,23000000,23000000
продажа,Коммерческий участок,1751-1760,1,0.2,C,5200000,5200000
продажа,Коммерческий участок,2781-2790,1,0.2,C,9000000,9000000
продажа,Коммерческий участок,757111-757120,1,0.2,C,9300000,9300000
продажа,Коммерческий участок,1861-1870,1,0.2,C,3200000,3200000
продажа,Коммерческий участок,4991-5000,1,0.2,C,8500000,8500000
продажа,Коммерческий участок,49441-49450,1,0.2,C,158600000,158600000
продажа,Коммерческий участок,6761-6770,1,0.2,C,6507212,6507212
продажа,Коммерческий участок,11011-11020,1,0.2,C,4400000,4400000
продажа,Коммерческий участок,20181-20190,1,0.2,C,24200000,24200000
продажа,Коммерческий участок,13701-13710,1,0.2,C,15000000,15000000
продажа,Коммерческий участок,2851-2860,1,0.2,C,3500000,3500000
продажа,Коммерческий участок,51-60,1,0.2,C,6000000,6000000
продажа,Коммерческий участок,45001-45010,1,0.2,C,350000,350000
продажа,Коммерческий участок,8991-9000,1,0.2,C,4000000,4000000
продажа,Коммерческий участок,231-240,1,0.2,C,1500000,1500000
продажа,Офисное помещение,11-20,68,24.3,A+,2441015,2288800
продажа,Офисное помещение,21-30,37,13.2,A+,3588660,3237000
продажа,Офисное помещение,31-40,30,10.7,A+,4408943,4140000
продажа,Офисное помещение,61-70,17,6.1,A,8881096,9800000
продажа,Офисное помещение,41-50,14,5.0,A,5614834,5800000
продажа,Офисное помещение,1-10,12,4.3,A,1404300,1439200
продажа,Офисное помещение,101-110,10,3.6,A,9140000,8100000
продажа,Офисное помещение,51-60,8,2.9,A,5992500,5550000
продажа,Офисное помещение,71-80,7,2.5,A,7817857,5700000
продажа,Офисное помещение,81-90,6,2.1,A,10191667,10500000
продажа,Офисное помещение,141-150,5,1.8,B,20650000,19000000
продажа,Офисное помещение,91-100,5,1.8,B,11969800,10900000
продажа,Офисное помещение,121-130,4,1.4,B,18187500,19450000
продажа,Офисное помещение,171-180,4,1.4,B,17125000,17500000
продажа,Офисное помещение,241-250,3,1.1,B,25850000,30000000
продажа,Офисное помещение,551-560,2,0.7,B,90199500,90400000
продажа,Офисное помещение,211-220,2,0.7,B,20450000,25400000
продажа,Офисное помещение,361-370,2,0.7,B,24102500,45105000
продажа,Офисное помещение,801-810,2,0.7,B,50560000,75000000
продажа,Офисное помещение,411-420,2,0.7,B,55000000,60000000
продажа,Офисное помещение,251-260,2,0.7,B,28450000,47000000
продажа,Офисное помещение,191-200,2,0.7,B,21000000,25000000
продажа,Офисное помещение,181-190,2,0.7,B,18942750,29385500
продажа,Офисное помещение,131-140,2,0.7,B,14500000,16000000
продажа,Офисное помещение,321-330,2,0.7,B,27475000,29950000
продажа,Офисное помещение,351-360,2,0.7,B,35825000,36130000
продажа,Офисное помещение,161-170,2,0.7,C,19950000,29000000
продажа,Офисное помещение,111-120,2,0.7,C,12862500,14700000
продажа,Офисное помещение,231-240,1,0.4,C,12500000,12500000
продажа,Офисное помещение,331-340,1,0.4,C,21000000,21000000
продажа,Офисное помещение,481-490,1,0.4,C,40000000,40000000
продажа,Офисное помещение,441-450,1,0.4,C,40000000,40000000
продажа,Офисное помещение,1891-1900,1,0.4,C,100000000,100000000
продажа,Офисное помещение,1711-1720,1,0.4,C,308700000,308700000
продажа,Офисное помещение,2291-2300,1,0.4,C,192000000,192000000
продажа,Офисное помещение,151-160,1,0.4,C,23800000,23800000
продажа,Офисное помещение,221-230,1,0.4,C,27880000,27880000
продажа,Офисное помещение,401-410,1,0.4,C,65000000,65000000
продажа,Офисное помещение,701-710,1,0.4,C,50000000,50000000
продажа,Офисное помещение,421-430,1,0.4,C,28900000,28900000
продажа,Офисное помещение,1011-1020,1,0.4,C,155000000,155000000
продажа,Офисное помещение,5411-5420,1,0.4,C,470000000,470000000
продажа,Офисное помещение,301-310,1,0.4,C,65000000,65000000
продажа,Офисное помещение,261-270,1,0.4,C,38000000,38000000
продажа,Офисное помещение,2401-2410,1,0.4,C,140000000,140000000
продажа,Офисное помещение,571-580,1,0.4,C,52679200,52679200
продажа,Офисное помещение,4671-4680,1,0.4,C,600000000,600000000
продажа,Офисное помещение,511-520,1,0.4,C,85000000,85000000
продажа,Офисное помещение,621-630,1,0.4,C,150000000,150000000
продажа,Офисное помещение,471-480,1,0.4,C,60000000,60000000
продажа,Офисное помещение,601-610,1,0.4,C,3140000,3140000
продажа,Офисное помещение,921-930,1,0.4,C,55000000,55000000
продажа,Свободного назначения,61-70,151,10.0,A+,12531810,12500000
продажа,Свободного назначения,71-80,150,10.0,A+,14514999,14609000
продажа,Свободного назначения,81-90,136,9.0,A+,15637443,16340000
продажа,Свободного назначения,51-60,130,8.6,A+,11203175,11300000
продажа,Свободного назначения,41-50,125,8.3,A+,9163859,9472000
продажа,Свободного назначения,31-40,93,6.2,A,7678849,8130000
продажа,Свободного назначения,91-100,88,5.9,A,17801375,18200000
продажа,Свободного назначения,101-110,76,5.1,A,18419817,17924600
продажа,Свободного назначения,111-120,59,3.9,A,18559721,19561500
продажа,Свободного назначения,21-30,54,3.6,A,5680394,5772000
продажа,Свободного назначения,121-130,48,3.2,A,21240036,22574200
продажа,Свободного назначения,131-140,32,2.1,B,20197967,20827350
продажа,Свободного назначения,141-150,24,1.6,B,21788686,23990000
продажа,Свободного назначения,11-20,23,1.5,B,3636296,3715000
продажа,Свободного назначения,151-160,17,1.1,B,23622969,25500000
продажа,Свободного назначения,171-180,17,1.1,B,22854897,25500000
продажа,Свободного назначения,221-230,16,1.1,B,24456820,22900000
продажа,Свободного назначения,231-240,16,1.1,B,29145962,31900000
продажа,Свободного назначения,211-220,14,0.9,B,24403366,25000000
продажа,Свободного назначения,161-170,13,0.9,B,19955469,22500000
продажа,Свободного назначения,191-200,12,0.8,B,23017533,22590000
продажа,Свободного назначения,181-190,12,0.8,B,23946090,28193000
продажа,Свободного назначения,281-290,8,0.5,B,34743500,35000000
продажа,Свободного назначения,261-270,7,0.5,B,32370357,26400000
продажа,Свободного назначения,271-280,7,0.5,B,43992571,31600000
продажа,Свободного назначения,241-250,7,0.5,B,24112143,16000000
продажа,Свободного назначения,201-210,6,0.4,B,25105000,28900000
продажа,Свободного назначения,501-510,5,0.3,B,47600000,29000000
продажа,Свободного назначения,371-380,5,0.3,B,36256000,35000000
продажа,Свободного назначения,251-260,5,0.3,C,34978000,31000000
продажа,Свободного назначения,1-10,5,0.3,C,409000,410000
продажа,Свободного назначения,451-460,4,0.3,C,49128000,60000000
продажа,Свободного назначения,491-500,4,0.3,C,71675000,80900000
продажа,Свободного назначения,941-950,4,0.3,C,86372500,94290000
продажа,Свободного назначения,351-360,4,0.3,C,49250000,65500000
продажа,Свободного назначения,441-450,4,0.3,C,48350000,50000000
продажа,Свободного назначения,1001-1010,3,0.2,C,119333003,120000000
продажа,Свободного назначения,341-350,3,0.2,C,18333333,17000000
продажа,Свободного назначения,1081-1090,3,0.2,C,73166667,85000000
продажа,Свободного назначения,331-340,3,0.2,C,20666667,19000000
продажа,Свободного назначения,641-650,3,0.2,C,84600000,74000000
продажа,Свободного назначения,401-410,3,0.2,C,45666667,40000000
продажа,Свободного назначения,461-470,3,0.2,C,10733333,12000000
продажа,Свободного назначения,421-430,3,0.2,C,49726216,44500000
продажа,Свободного назначения,1181-1190,2,0.1,C,104200000,120000000
продажа,Свободного назначения,1151-1160,2,0.1,C,67500000,105000000
продажа,Свободного назначения,1311-1320,2,0.1,C,96000000,150000000
продажа,Свободного назначения,3021-3030,2,0.1,C,302000000,310000000
продажа,Свободного назначения,361-370,2,0.1,C,27792000,41000000
продажа,Свободного назначения,321-330,2,0.1,C,35750000,46500000
продажа,Свободного назначения,551-560,2,0.1,C,153500000,252000000
продажа,Свободного назначения,771-780,2,0.1,C,38900000,70000000
продажа,Свободного назначения,891-900,2,0.1,C,58500000,70000000
продажа,Свободного назначения,1221-1230,2,0.1,C,75500000,98000000
продажа,Свободного назначения,561-570,2,0.1,C,101875000,110950000
продажа,Свободного назначения,1071-1080,2,0.1,C,155275000,178550000
продажа,Свободного назначения,1751-1760,2,0.1,C,70000000,115000000
продажа,Свободного назначения,471-480,2,0.1,C,59990000,64980000
продажа,Свободного назначения,431-440,2,0.1,C,36800000,56600000
продажа,Свободного назначения,291-300,2,0.1,C,37150000,39300000
продажа,Свободного назначения,13821-13830,1,0.1,C,22500000,22500000
продажа,Свободного назначения,1851-1860,1,0.1,C,118000000,118000000
продажа,Свободного назначения,2541-2550,1,0.1,C,150000000,150000000
продажа,Свободного назначения,13141-13150,1,0.1,C,690000000,690000000
продажа,Свободного назначения,301-310,1,0.1,C,4600000,4600000
продажа,Свободного назначения,831-840,1,0.1,C,62000000,62000000
продажа,Свободного назначения,1941-1950,1,0.1,C,55000000,55000000
продажа,Свободного назначения,7001-7010,1,0.1,C,85000000,85000000
продажа,Свободного назначения,1601-1610,1,0.1,C,80000000,80000000
продажа,Свободного назначения,681-690,1,0.1,C,45000000,45000000
продажа,Свободного назначения,1481-1490,1,0.1,C,120000000,120000000
продажа,Свободного назначения,411-420,1,0.1,C,20850000,20850000
продажа,Свободного назначения,1201-1210,1,0.1,C,170000000,170000000
продажа,Свободного назначения,11621-11630,1,0.1,C,2150000130,2150000130
продажа,Свободного назначения,381-390,1,0.1,C,52000000,52000000
продажа,Свободного назначения,4931-4940,1,0.1,C,270000000,270000000
продажа,Свободного назначения,881-890,1,0.1,C,63800000,63800000
продажа,Свободного назначения,4401-4410,1,0.1,C,250000000,250000000
продажа,Свободного назначения,711-720,1,0.1,C,184000000,184000000
продажа,Свободного назначения,14391-14400,1,0.1,C,60000000,60000000
продажа,Свободного назначения,6321-6330,1,0.1,C,11900001,11900001
продажа,Свободного назначения,1691-1700,1,0.1,C,7600000,7600000
продажа,Свободного назначения,2681-2690,1,0.1,C,330000000,330000000
продажа,Свободного назначения,701-710,1,0.1,C,55000000,55000000
продажа,Свободного назначения,791-800,1,0.1,C,100000000,100000000
продажа,Свободного назначения,6501-6510,1,0.1,C,411700000,411700000
продажа,Свободного назначения,7371-7380,1,0.1,C,700000000,700000000
продажа,Свободного назначения,14001-14010,1,0.1,C,200000000,200000000
продажа,Свободного назначения,1371-1380,1,0.1,C,154000000,154000000
продажа,Свободного назначения,2061-2070,1,0.1,C,205000000,205000000
продажа,Свободного назначения,1271-1280,1,0.1,C,30500000,30500000
продажа,Свободного назначения,2271-2280,1,0.1,C,187000000,187000000
продажа,Свободного назначения,731-740,1,0.1,C,60000000,60000000
продажа,Свободного назначения,2381-2390,1,0.1,C,135000000,135000000
продажа,Свободного назначения,1771-1780,1,0.1,C,35000000,35000000
продажа,Свободного назначения,1431-1440,1,0.1,C,150000000,150000000
продажа,Свободного назначения,1951-1960,1,0.1,C,379649984,379649984
продажа,Свободного назначения,1411-1420,1,0.1,C,153000000,153000000
продажа,Свободного назначения,781-790,1,0.1,C,17000000,17000000
продажа,Свободного назначения,1041-1050,1,0.1,C,8000000,8000000
продажа,Свободного назначения,691-700,1,0.1,C,140000000,140000000
продажа,Свободного назначения,311-320,1,0.1,C,68688000,68688000
продажа,Свободного назначения,541-550,1,0.1,C,55000000,55000000
продажа,Свободного назначения,1461-1470,1,0.1,C,260000000,260000000
продажа,Свободного назначения,1631-1640,1,0.1,C,135000000,135000000
продажа,Свободного назначения,671-680,1,0.1,C,115000000,115000000
продажа,Свободного назначения,2961-2970,1,0.1,C,51000000,51000000
продажа,Свободного назначения,11001-11010,1,0.1,C,170000000,170000000
продажа,Свободного назначения,1521-1530,1,0.1,C,160000000,160000000
продажа,Свободного назначения,2131-2140,1,0.1,C,340000000,340000000
продажа,Свободного назначения,651-660,1,0.1,C,105000000,105000000
продажа,Свободного назначения,2211-2220,1,0.1,C,9000000,9000000
продажа,Свободного назначения,621-630,1,0.1,C,82500000,82500000
продажа,Свободного назначения,571-580,1,0.1,C,38000000,38000000
продажа,Свободного назначения,811-820,1,0.1,C,39950000,39950000
продажа,Свободного назначения,511-520,1,0.1,C,26000000,26000000
продажа,Свободного назначения,521-530,1,0.1,C,110335000,110335000
продажа,Свободного назначения,861-870,1,0.1,C,51177900,51177900
продажа,Свободного назначения,601-610,1,0.1,C,35654000,35654000
продажа,Свободного назначения,1241-1250,1,0.1,C,25644150,25644150
продажа,Свободного назначения,1441-1450,1,0.1,C,99000000,99000000
продажа,Свободного назначения,1611-1620,1,0.1,C,130000000,130000000
продажа,Свободного назначения,2331-2340,1,0.1,C,159000000,159000000
продажа,Свободного назначения,2781-2790,1,0.1,C,14500000,14500000
продажа,Свободного назначения,801-810,1,0.1,C,22000000,22000000
продажа,Свободного назначения,1501-1510,1,0.1,C,25730000,25730000
продажа,Свободного назначения,531-540,1,0.1,C,147680000,147680000
продажа,Торговое помещение,61-70,31,9.7,A+,8562835,6900000
продажа,Торговое помещение,41-50,23,7.2,A+,9785957,9088000
продажа,Торговое помещение,51-60,21,6.6,A+,10616024,9000000
продажа,Торговое помещение,71-80,21,6.6,A+,15084833,12500000
продажа,Торговое помещение,31-40,17,5.3,A+,6373147,5600000
продажа,Торговое помещение,81-90,15,4.7,A+,12114333,12900000
продажа,Торговое помещение,101-110,15,4.7,A+,14383227,16500000
продажа,Торговое помещение,121-130,13,4.1,A+,11834039,11500000
продажа,Торговое помещение,21-30,13,4.1,A,3678846,3195000
продажа,Торговое помещение,91-100,11,3.5,A,17941364,18600000
продажа,Торговое помещение,131-140,11,3.5,A,14011818,11500000
продажа,Торговое помещение,11-20,11,3.5,A,1494227,1050000
продажа,Торговое помещение,181-190,7,2.2,A,14029714,8900000
продажа,Торговое помещение,151-160,7,2.2,A,12521429,10350000
продажа,Торговое помещение,221-230,6,1.9,A,19603000,21000000
продажа,Торговое помещение,261-270,6,1.9,A,32300000,39000000
продажа,Торговое помещение,111-120,6,1.9,A,15066666,17000000
продажа,Торговое помещение,141-150,6,1.9,B,17132092,18752550
продажа,Торговое помещение,161-170,4,1.3,B,18800000,25000000
продажа,Торговое помещение,171-180,3,0.9,B,9550000,11500000
продажа,Торговое помещение,271-280,3,0.9,B,27530000,29990000
продажа,Торговое помещение,601-610,3,0.9,B,46166667,35000000
продажа,Торговое помещение,341-350,3,0.9,B,55166667,66000000
продажа,Торговое помещение,381-390,2,0.6,B,57500000,90000000
продажа,Торговое помещение,191-200,2,0.6,B,17000000,25000000
продажа,Торговое помещение,311-320,2,0.6,B,23900000,24800000
продажа,Торговое помещение,411-420,2,0.6,B,61000000,104000000
продажа,Торговое помещение,321-330,2,0.6,B,21300000,29600000
продажа,Торговое помещение,231-240,2,0.6,B,18250000,28000000
продажа,Торговое помещение,201-210,2,0.6,B,46350000,51500000
продажа,Торговое помещение,531-540,2,0.6,B,20500000,26000000
продажа,Торговое помещение,301-310,2,0.6,B,40140000,57500000
продажа,Торговое помещение,281-290,2,0.6,B,15342500,24250000
продажа,Торговое помещение,211-220,2,0.6,B,11250000,11500000
продажа,Торговое помещение,361-370,2,0.6,B,48000000,67000000
продажа,Торговое помещение,20131-20140,1,0.3,B,199000000,199000000
продажа,Торговое помещение,1361-1370,1,0.3,B,170000000,170000000
продажа,Торговое помещение,1041-1050,1,0.3,B,90000000,90000000
продажа,Торговое помещение,2771-2780,1,0.3,B,432000000,432000000
продажа,Торговое помещение,611-620,1,0.3,B,36000000,36000000
продажа,Торговое помещение,421-430,1,0.3,B,24000000,24000000
продажа,Торговое помещение,541-550,1,0.3,C,46500000,46500000
продажа,Торговое помещение,1291-1300,1,0.3,C,250000000,250000000
продажа,Торговое помещение,1431-1440,1,0.3,C,320000000,320000000
продажа,Торговое помещение,2931-2940,1,0.3,C,300000000,300000000
продажа,Торговое помещение,241-250,1,0.3,C,25750000,25750000
продажа,Торговое помещение,371-380,1,0.3,C,31900000,31900000
продажа,Торговое помещение,831-840,1,0.3,C,26000000,26000000
продажа,Торговое помещение,1111-1120,1,0.3,C,150000000,150000000
продажа,Торговое помещение,821-830,1,0.3,C,150000000,150000000
продажа,Торговое помещение,501-510,1,0.3,C,27000000,27000000
продажа,Торговое помещение,431-440,1,0.3,C,27000000,27000000
продажа,Торговое помещение,1051-1060,1,0.3,C,82460000,82460000
продажа,Торговое помещение,641-650,1,0.3,C,175000000,175000000
продажа,Торговое помещение,631-640,1,0.3,C,100000000,100000000
продажа,Торговое помещение,671-680,1,0.3,C,15000000,15000000
продажа,Торговое помещение,1481-1490,1,0.3,C,95000000,95000000
продажа,Торговое помещение,331-340,1,0.3,C,39900000,39900000
продажа,Торговое помещение,251-260,1,0.3,C,22300000,22300000
продажа,Торговое помещение,961-970,1,0.3,C,42000000,42000000
продажа,Торговое помещение,521-530,1,0.3,C,20000000,20000000
продажа,Торговое помещение,1101-1110,1,0.3,C,185000000,185000000
продажа,Торговое помещение,581-590,1,0.3,C,132500000,132500000
продажа,Торговое помещение,451-460,1,0.3,C,60000000,60000000
продажа,Торговое помещение,811-820,1,0.3,C,160000000,160000000
продажа,Торговое помещение,1-10,1,0.3,C,1500000,1500000
продажа,Торговое помещение,1001-1010,1,0.3,C,57000000,57000000
продажа,Торговое помещение,471-480,1,0.3,C,26000000,26000000
продажа,Торговое помещение,2781-2790,1,0.3,C,1000000,1000000
продажа,Торговое помещение,511-520,1,0.3,C,90000000,90000000
продажа,Торговое помещение,1241-1250,1,0.3,C,2950000,2950000
продажа,Торговое помещение,2301-2310,1,0.3,C,75000000,75000000
продажа,Торговое помещение,1721-1730,1,0.3,C,50000000,50000000
