deal_type,obj_type,district,count,share_pct,grade,rank
аренда,База/склад/производство,null,65,19.4,A+,1
аренда,База/склад/производство,Гилевская Роща,28,8.4,A+,2
аренда,База/склад/производство,Центр: Студгородок,15,4.5,A+,3
аренда,База/склад/производство,район пос. Антипино,14,4.2,A+,4
аренда,База/склад/производство,Центр: Исторический,12,3.6,A+,5
аренда,База/склад/производство,Дом Обороны,12,3.6,A+,6
аренда,База/склад/производство,Лесобаза мкр.,11,3.3,A+,7
аренда,База/склад/производство,микрорайон Матмасы,9,2.7,A+,8
аренда,База/склад/производство,Антипино мкр.,9,2.7,A,9
аренда,База/склад/производство,ДОК,9,2.7,A,10
аренда,База/склад/производство,Бабарынка,9,2.7,A,11
аренда,База/склад/производство,микрорайон Парфёново,8,2.4,A,12
аренда,База/склад/производство,Червишевский тракт мкр.,7,2.1,A,13
аренда,База/склад/производство,Центр: Драмтеатр,7,2.1,A,14
аренда,База/склад/производство,Московский тракт мкр.,7,2.1,A,15
аренда,База/склад/производство,Тарманы мкр.,7,2.1,A,16
аренда,База/склад/производство,Винзили рп.,6,1.8,A,17
аренда,База/склад/производство,Центр: КПД,6,1.8,A,18
аренда,База/склад/производство,СМП,5,1.5,A,19
аренда,База/склад/производство,Суходольский мкр.,4,1.2,A,20
аренда,База/склад/производство,Боровский рп.,4,1.2,B,21
аренда,База/склад/производство,Перевалово с.,3,0.9,B,22
аренда,База/склад/производство,2 мкр,3,0.9,B,23
аренда,База/склад/производство,Заречный мкр.,3,0.9,B,24
аренда,База/склад/производство,микрорайон Лесобаза,3,0.9,B,25
аренда,База/склад/производство,микрорайон Энтузиастов,3,0.9,B,26
аренда,База/склад/производство,Яр с. (Тобольский тракт),3,0.9,B,27
аренда,База/склад/производство,посёлок Новорощино,3,0.9,B,28
аренда,База/склад/производство,Воровского,3,0.9,B,29
аренда,База/склад/производство,Горьковка с.,3,0.9,B,30
аренда,База/склад/производство,Чикча с.,3,0.9,B,31
аренда,База/склад/производство,Дударева д.,3,0.9,B,32
аренда,База/склад/производство,Горьковское МО,2,0.6,B,33
аренда,База/склад/производство,Новотуринский,2,0.6,B,34
аренда,База/склад/производство,Борки с.,2,0.6,B,35
аренда,База/склад/производство,Войновка мкр.,2,0.6,B,36
аренда,База/склад/производство,Ленинский округ,2,0.6,B,37
аренда,База/склад/производство,Центр: Дом печати,2,0.6,B,38
аренда,База/склад/производство,Европейский мкр.,2,0.6,B,39
аренда,База/склад/производство,микрорайон Мыс,2,0.6,C,40
аренда,База/склад/производство,микрорайон Антипино,2,0.6,C,41
аренда,База/склад/производство,Московский п.,1,0.3,C,42
аренда,База/склад/производство,микрорайон Велижанский,1,0.3,C,43
аренда,База/склад/производство,Восточный 3 мкр.,1,0.3,C,44
аренда,База/склад/производство,Парфёново мкр.,1,0.3,C,45
аренда,База/склад/производство,Ярково с.,1,0.3,C,46
аренда,База/склад/производство,микрорайон Восточный-2,1,0.3,C,47
аренда,База/склад/производство,Стрела,1,0.3,C,48
аренда,База/склад/производство,Плеханово,1,0.3,C,49
аренда,База/склад/производство,Пышминка д.,1,0.3,C,50
аренда,База/склад/производство,Сосёнка-81 с/о,1,0.3,C,51
аренда,База/склад/производство,1-й Заречный мкр,1,0.3,C,52
аренда,База/склад/производство,Восточный 2 мкр.,1,0.3,C,53
аренда,База/склад/производство,Луговое с.,1,0.3,C,54
аренда,База/склад/производство,Ембаево с.,1,0.3,C,55
аренда,База/склад/производство,Богандинский пгт,1,0.3,C,56
аренда,База/склад/производство,5-й Заречный мкр,1,0.3,C,57
аренда,База/склад/производство,Падерина д.,1,0.3,C,58
аренда,База/склад/производство,Матмасы мкр.,1,0.3,C,59
аренда,База/склад/производство,Нижние Тарманы д.,1,0.3,C,60
аренда,База/склад/производство,микрорайон Плеханова,1,0.3,C,61
аренда,База/склад/производство,Трудовик с/о,1,0.3,C,62
аренда,База/склад/производство,Россиянка с/о,1,0.3,C,63
аренда,База/склад/производство,Электрон,1,0.3,C,64
аренда,База/склад/производство,микрорайон Быкова,1,0.3,C,65
аренда,База/склад/производство,микрорайон Гилёво,1,0.3,C,66
аренда,База/склад/производство,микрорайон Тарманы,1,0.3,C,67
аренда,База/склад/производство,Автотранспортник-2 с/о,1,0.3,C,68
аренда,База/склад/производство,Патрушева д.,1,0.3,C,69
аренда,База/склад/производство,6 мкр,1,0.3,C,70
аренда,База/склад/производство,Каменка с.,1,0.3,C,71
аренда,Готовый бизнес,Центр: Драмтеатр,1,50.0,A+,1
аренда,Готовый бизнес,Тарманы мкр.,1,50.0,C,2
аренда,Коммерческий участок,Казарово мкр.,1,25.0,A+,1
аренда,Коммерческий участок,null,1,25.0,A+,2
аренда,Коммерческий участок,Центральный округ,1,25.0,A,3
аренда,Коммерческий участок,ДОК,1,25.0,C,4
аренда,Офисное помещение,Центр: КПД,153,18.4,A+,1
аренда,Офисное помещение,Центр: Исторический,149,17.9,A+,2
аренда,Офисное помещение,Центр: Драмтеатр,83,10.0,A+,3
аренда,Офисное помещение,Дом Обороны,51,6.1,A,4
аренда,Офисное помещение,Центр: Дом печати,47,5.6,A,5
аренда,Офисное помещение,Гилевская Роща,43,5.2,A,6
аренда,Офисное помещение,null,34,4.1,A,7
аренда,Офисное помещение,Восточный р-н,31,3.7,A,8
аренда,Офисное помещение,Центр: Студгородок,28,3.4,A,9
аренда,Офисное помещение,Червишевский тракт мкр.,17,2.0,B,10
аренда,Офисное помещение,Московский тракт мкр.,14,1.7,B,11
аренда,Офисное помещение,Тарманы мкр.,14,1.7,B,12
аренда,Офисное помещение,Суходольский мкр.,13,1.6,B,13
аренда,Офисное помещение,Боровский рп.,12,1.4,B,14
аренда,Офисное помещение,1 мкр,8,1.0,B,15
аренда,Офисное помещение,Маяк мкр.,7,0.8,B,16
аренда,Офисное помещение,Электрон,7,0.8,B,17
аренда,Офисное помещение,5-й Заречный мкр,5,0.6,B,18
аренда,Офисное помещение,Лесобаза мкр.,5,0.6,B,19
аренда,Офисное помещение,Тюменский 3-й мкр.,5,0.6,B,20
аренда,Офисное помещение,Заречный мкр.,5,0.6,B,21
аренда,Офисное помещение,6 мкр,5,0.6,B,22
аренда,Офисное помещение,Южный,4,0.5,B,23
аренда,Офисное помещение,Европейский мкр.,4,0.5,B,24
аренда,Офисное помещение,3-й Заречный мкр,4,0.5,B,25
аренда,Офисное помещение,микрорайон Лесобаза,4,0.5,C,26
аренда,Офисное помещение,4 мкр,4,0.5,C,27
аренда,Офисное помещение,Рабочий посёлок мкр.,4,0.5,C,28
аренда,Офисное помещение,1-й Заречный мкр,4,0.5,C,29
аренда,Офисное помещение,МЖК,4,0.5,C,30
аренда,Офисное помещение,Антипино мкр.,3,0.4,C,31
аренда,Офисное помещение,Плеханово,3,0.4,C,32
аренда,Офисное помещение,2 мкр,3,0.4,C,33
аренда,Офисное помещение,Тюменский 1-й мкр.,3,0.4,C,34
аренда,Офисное помещение,Центральный округ,2,0.2,C,35
аренда,Офисное помещение,Бабарынка,2,0.2,C,36
аренда,Офисное помещение,Дударева д.,2,0.2,C,37
аренда,Офисное помещение,3 мкр,2,0.2,C,38
аренда,Офисное помещение,микрорайон Тюменский-1,2,0.2,C,39
аренда,Офисное помещение,Парфёново мкр.,2,0.2,C,40
аренда,Офисное помещение,Стрела,2,0.2,C,41
аренда,Офисное помещение,Ембаево с.,2,0.2,C,42
аренда,Офисное помещение,микрорайон Березняковский,2,0.2,C,43
аренда,Офисное помещение,Тюменская слобода мкр.,2,0.2,C,44
аренда,Офисное помещение,Югра мкр.,2,0.2,C,45
аренда,Офисное помещение,район пос. Антипино,2,0.2,C,46
аренда,Офисное помещение,Тавда,2,0.2,C,47
аренда,Офисное помещение,Казарово мкр.,1,0.1,C,48
аренда,Офисное помещение,микрорайон Тарманы,1,0.1,C,49
аренда,Офисное помещение,Березняковский мкр. (Березняки),1,0.1,C,50
аренда,Офисное помещение,Комарово Парк мкр.,1,0.1,C,51
аренда,Офисное помещение,ДОК,1,0.1,C,52
аренда,Офисное помещение,Калининский округ,1,0.1,C,53
аренда,Офисное помещение,Исетское,1,0.1,C,54
аренда,Офисное помещение,Комарово мкр.,1,0.1,C,55
аренда,Офисное помещение,микрорайон Энтузиастов,1,0.1,C,56
аренда,Офисное помещение,микрорайон Матмасы,1,0.1,C,57
аренда,Офисное помещение,Ново-Патрушево мкр.,1,0.1,C,58
аренда,Офисное помещение,микрорайон Восточный,1,0.1,C,59
аренда,Офисное помещение,микрорайон Мыс,1,0.1,C,60
аренда,Офисное помещение,микрорайон Войновка,1,0.1,C,61
аренда,Офисное помещение,СМП,1,0.1,C,62
аренда,Офисное помещение,Мыс мкр.,1,0.1,C,63
аренда,Офисное помещение,Трудовик с/о,1,0.1,C,64
аренда,Офисное помещение,Купеческий квартал КП,1,0.1,C,65
аренда,Офисное помещение,Тюменский 2-й мкр.,1,0.1,C,66
аренда,Офисное помещение,микрорайон Мелиораторов,1,0.1,C,67
аренда,Офисное помещение,Ожогина д.,1,0.1,C,68
аренда,Офисное помещение,Центр,1,0.1,C,69
аренда,Офисное помещение,Московский п.,1,0.1,C,70
аренда,Офисное помещение,5 мкр,1,0.1,C,71
аренда,Офисное помещение,Княжева мкр.,1,0.1,C,72
аренда,Офисное помещение,микрорайон Парфёново,1,0.1,C,73
аренда,Офисное помещение,Восточный 3 мкр.,1,0.1,C,74
аренда,Свободного назначения,Центр: Драмтеатр,125,7.4,A+,1
аренда,Свободного назначения,Центр: КПД,117,6.9,A+,2
аренда,Свободного назначения,Плеханово,113,6.7,A+,3
аренда,Свободного назначения,Центр: Исторический,90,5.3,A+,4
аренда,Свободного назначения,Дом Обороны,83,4.9,A+,5
аренда,Свободного назначения,Центр: Дом печати,65,3.8,A+,6
аренда,Свободного назначения,Лесобаза мкр.,58,3.4,A+,7
аренда,Свободного назначения,5-й Заречный мкр,58,3.4,A+,8
аренда,Свободного назначения,null,53,3.1,A+,9
аренда,Свободного назначения,Червишевский тракт мкр.,44,2.6,A+,10
аренда,Свободного назначения,Тюменская слобода мкр.,38,2.2,A+,11
аренда,Свободного назначения,Дударева д.,37,2.2,A,12
аренда,Свободного назначения,Московский тракт мкр.,34,2.0,A,13
аренда,Свободного назначения,Комарово Парк мкр.,30,1.8,A,14
аренда,Свободного назначения,2-й Заречный мкр,28,1.7,A,15
аренда,Свободного назначения,Тюменский 3-й мкр.,26,1.5,A,16
аренда,Свободного назначения,Ново-Комарово,26,1.5,A,17
аренда,Свободного назначения,Европейский мкр.,25,1.5,A,18
аренда,Свободного назначения,Южный,24,1.4,A,19
аренда,Свободного назначения,Мыс мкр.,23,1.4,A,20
аренда,Свободного назначения,МЖК,20,1.2,A,21
аренда,Свободного назначения,3-й Заречный мкр,20,1.2,A,22
аренда,Свободного назначения,Нижняя Тавда с.,19,1.1,A,23
аренда,Свободного назначения,Ново-Патрушево мкр.,19,1.1,A,24
аренда,Свободного назначения,Тюменский 1-й мкр.,16,0.9,A,25
аренда,Свободного назначения,Заречный мкр.,15,0.9,A,26
аренда,Свободного назначения,Гилевская Роща,15,0.9,A,27
аренда,Свободного назначения,Центр: Студгородок,15,0.9,A,28
аренда,Свободного назначения,Тюменский 2-й мкр.,15,0.9,A,29
аренда,Свободного назначения,ДОК,14,0.8,A,30
аренда,Свободного назначения,микрорайон Рощино,14,0.8,B,31
аренда,Свободного назначения,Суходольский мкр.,13,0.8,B,32
аренда,Свободного назначения,1-й Заречный мкр,13,0.8,B,33
аренда,Свободного назначения,Стрела,12,0.7,B,34
аренда,Свободного назначения,6 мкр,11,0.6,B,35
аренда,Свободного назначения,СМП,11,0.6,B,36
аренда,Свободного назначения,микрорайон Тюменский-1,10,0.6,B,37
аренда,Свободного назначения,Боровский рп.,10,0.6,B,38
аренда,Свободного назначения,Тарманы мкр.,10,0.6,B,39
аренда,Свободного назначения,6-й микрорайон,9,0.5,B,40
аренда,Свободного назначения,2 мкр,9,0.5,B,41
аренда,Свободного назначения,Рощино мкр.,8,0.5,B,42
аренда,Свободного назначения,Матмасы мкр.,8,0.5,B,43
аренда,Свободного назначения,Войновка мкр.,8,0.5,B,44
аренда,Свободного назначения,Лесобаза: Тура мкр,8,0.5,B,45
аренда,Свободного назначения,микрорайон Восточный,8,0.5,B,46
аренда,Свободного назначения,Винзили рп.,8,0.5,B,47
аренда,Свободного назначения,Восточный 2 мкр.,8,0.5,B,48
аренда,Свободного назначения,Югра мкр.,8,0.5,B,49
аренда,Свободного назначения,Электрон,7,0.4,B,50
аренда,Свободного назначения,У озера квартал,7,0.4,B,51
аренда,Свободного назначения,Патрушева д.,7,0.4,B,52
аренда,Свободного назначения,Лесобаза: Казачьи Луга мкр.,7,0.4,B,53
аренда,Свободного назначения,Борки с.,7,0.4,B,54
аренда,Свободного назначения,4 мкр,6,0.4,B,55
аренда,Свободного назначения,Воровского,6,0.4,B,56
аренда,Свободного назначения,1 мкр,6,0.4,B,57
аренда,Свободного назначения,Московский п.,6,0.4,B,58
аренда,Свободного назначения,Луговое с.,6,0.4,B,59
аренда,Свободного назначения,микрорайон Зарека,6,0.4,B,60
аренда,Свободного назначения,Центральный округ,6,0.4,C,61
аренда,Свободного назначения,3 мкр,6,0.4,C,62
аренда,Свободного назначения,Юргинское с.,6,0.4,C,63
аренда,Свободного назначения,Нефтяников мкр.,5,0.3,C,64
аренда,Свободного назначения,микрорайон Войновка,5,0.3,C,65
аренда,Свободного назначения,микрорайон ДОК,5,0.3,C,66
аренда,Свободного назначения,микрорайон Парфёново,5,0.3,C,67
аренда,Свободного назначения,Маяк мкр.,4,0.2,C,68
аренда,Свободного назначения,Калининский округ,4,0.2,C,69
аренда,Свободного назначения,микрорайон Березняковский,4,0.2,C,70
аренда,Свободного назначения,Комарово мкр.,4,0.2,C,71
аренда,Свободного назначения,Бабарынка,4,0.2,C,72
аренда,Свободного назначения,микрорайон Мыс,4,0.2,C,73
аренда,Свободного назначения,микрорайон Лесобаза,4,0.2,C,74
аренда,Свободного назначения,микрорайон Матмасы,4,0.2,C,75
аренда,Свободного назначения,Решетникова д.,4,0.2,C,76
аренда,Свободного назначения,Мальково с.,4,0.2,C,77
аренда,Свободного назначения,Березняковский мкр. (Березняки),3,0.2,C,78
аренда,Свободного назначения,Восточный р-н,3,0.2,C,79
аренда,Свободного назначения,Тавда,3,0.2,C,80
аренда,Свободного назначения,Богандинский пгт,3,0.2,C,81
аренда,Свободного назначения,район пос. Антипино,3,0.2,C,82
аренда,Свободного назначения,Горьковка с.,3,0.2,C,83
аренда,Свободного назначения,Перевалово с.,3,0.2,C,84
аренда,Свободного назначения,микрорайон Тюменский-2,3,0.2,C,85
аренда,Свободного назначения,Ватутина мкр.,3,0.2,C,86
аренда,Свободного назначения,Чикча с.,3,0.2,C,87
аренда,Свободного назначения,микрорайон Тарманы,3,0.2,C,88
аренда,Свободного назначения,микрорайон Велижанский,3,0.2,C,89
аренда,Свободного назначения,микрорайон Ватутина,3,0.2,C,90
аренда,Свободного назначения,Исетское,2,0.1,C,91
аренда,Свободного назначения,микрорайон Мелиораторов,2,0.1,C,92
аренда,Свободного назначения,микрорайон Восточный-2,2,0.1,C,93
аренда,Свободного назначения,Ожогина д.,2,0.1,C,94
аренда,Свободного назначения,Червишево с.,2,0.1,C,95
аренда,Свободного назначения,Трудовик с/о,2,0.1,C,96
аренда,Свободного назначения,Княжева мкр.,2,0.1,C,97
аренда,Свободного назначения,Тугулым пгт,2,0.1,C,98
аренда,Свободного назначения,Дербыши д.,2,0.1,C,99
аренда,Свободного назначения,Якуши д.,2,0.1,C,100
аренда,Свободного назначения,микрорайон Антипино,2,0.1,C,101
аренда,Свободного назначения,Восточный 3 мкр.,2,0.1,C,102
аренда,Свободного назначения,микрорайон Метелёва,2,0.1,C,103
аренда,Свободного назначения,Казарово мкр.,1,0.1,C,104
аренда,Свободного назначения,Большие Акияры д.,1,0.1,C,105
аренда,Свободного назначения,Есенино КП,1,0.1,C,106
аренда,Свободного назначения,Зеленые Холмы КП,1,0.1,C,107
аренда,Свободного назначения,микрорайон Нефтяников,1,0.1,C,108
аренда,Свободного назначения,Тураева д.,1,0.1,C,109
аренда,Свободного назначения,Онохино с.,1,0.1,C,110
аренда,Свободного назначения,жилой комплекс Окинава,1,0.1,C,111
аренда,Свободного назначения,Колос-4 с/о,1,0.1,C,112
аренда,Свободного назначения,Тюнево с.,1,0.1,C,113
аренда,Свободного назначения,Ожогино,1,0.1,C,114
аренда,Свободного назначения,Щетково,1,0.1,C,115
аренда,Свободного назначения,Альпийская долина КП,1,0.1,C,116
аренда,Свободного назначения,Солнышко с/о (Нефтяников),1,0.1,C,117
аренда,Свободного назначения,микрорайон Зайкова,1,0.1,C,118
аренда,Свободного назначения,Рабочий посёлок мкр.,1,0.1,C,119
аренда,Свободного назначения,микрорайон Гилёво,1,0.1,C,120
аренда,Свободного назначения,Автотранспортник-2 с/о,1,0.1,C,121
аренда,Свободного назначения,Купеческий квартал КП,1,0.1,C,122
аренда,Свободного назначения,микрорайон Казарово,1,0.1,C,123
аренда,Свободного назначения,Лесная поляна КП,1,0.1,C,124
аренда,Свободного назначения,Молодежный мкр.,1,0.1,C,125
аренда,Свободного назначения,жилой комплекс Дом на Большой Спасской,1,0.1,C,126
аренда,Свободного назначения,Субботина д.,1,0.1,C,127
аренда,Свободного назначения,Березняки-2 с/о,1,0.1,C,128
аренда,Свободного назначения,Парфёново мкр.,1,0.1,C,129
аренда,Свободного назначения,Верхний Бор мкр.,1,0.1,C,130
аренда,Свободного назначения,Туринская слобода с.,1,0.1,C,131
аренда,Свободного назначения,Каскара с.,1,0.1,C,132
аренда,Свободного назначения,Раздолье мкр.,1,0.1,C,133
аренда,Торговое помещение,Центр: Драмтеатр,56,6.5,A+,1
аренда,Торговое помещение,Центр: КПД,55,6.4,A+,2
аренда,Торговое помещение,Центр: Исторический,55,6.4,A+,3
аренда,Торговое помещение,Дом Обороны,49,5.7,A+,4
аренда,Торговое помещение,Плеханово,45,5.2,A+,5
аренда,Торговое помещение,Европейский мкр.,41,4.8,A+,6
аренда,Торговое помещение,Центр: Дом печати,31,3.6,A+,7
аренда,Торговое помещение,Тюменская слобода мкр.,29,3.4,A+,8
аренда,Торговое помещение,1-й Заречный мкр,28,3.2,A+,9
аренда,Торговое помещение,Червишевский тракт мкр.,27,3.1,A+,10
аренда,Торговое помещение,5-й Заречный мкр,22,2.5,A,11
аренда,Торговое помещение,Югра мкр.,19,2.2,A,12
аренда,Торговое помещение,Лесобаза мкр.,17,2.0,A,13
аренда,Торговое помещение,Дударева д.,16,1.9,A,14
аренда,Торговое помещение,null,15,1.7,A,15
аренда,Торговое помещение,ДОК,14,1.6,A,16
аренда,Торговое помещение,Комарово Парк мкр.,14,1.6,A,17
аренда,Торговое помещение,Московский тракт мкр.,14,1.6,A,18
аренда,Торговое помещение,Ново-Комарово,12,1.4,A,19
аренда,Торговое помещение,Стрела,12,1.4,A,20
аренда,Торговое помещение,Мыс мкр.,12,1.4,A,21
аренда,Торговое помещение,3-й Заречный мкр,12,1.4,A,22
аренда,Торговое помещение,Южный,11,1.3,A,23
аренда,Торговое помещение,Ново-Патрушево мкр.,11,1.3,A,24
аренда,Торговое помещение,Войновка мкр.,11,1.3,A,25
аренда,Торговое помещение,Тюменский 2-й мкр.,8,0.9,A,26
аренда,Торговое помещение,5 мкр,7,0.8,A,27
аренда,Торговое помещение,Тюменский 3-й мкр.,7,0.8,B,28
аренда,Торговое помещение,3 мкр,7,0.8,B,29
аренда,Торговое помещение,Тюменский 1-й мкр.,7,0.8,B,30
аренда,Торговое помещение,Падерина д.,6,0.7,B,31
аренда,Торговое помещение,Тавда,6,0.7,B,32
аренда,Торговое помещение,2 мкр,6,0.7,B,33
аренда,Торговое помещение,Маяк мкр.,6,0.7,B,34
аренда,Торговое помещение,Заречный мкр.,6,0.7,B,35
аренда,Торговое помещение,Богандинский пгт,6,0.7,B,36
аренда,Торговое помещение,микрорайон ДОК,5,0.6,B,37
аренда,Торговое помещение,Исетское,5,0.6,B,38
аренда,Торговое помещение,1 мкр,5,0.6,B,39
аренда,Торговое помещение,микрорайон Березняковский,5,0.6,B,40
аренда,Торговое помещение,Центр: Студгородок,5,0.6,B,41
аренда,Торговое помещение,6 мкр,5,0.6,B,42
аренда,Торговое помещение,МЖК,5,0.6,B,43
аренда,Торговое помещение,микрорайон Тюменский-2,5,0.6,B,44
аренда,Торговое помещение,Бабарынка,4,0.5,B,45
аренда,Торговое помещение,Ватутина мкр.,4,0.5,B,46
аренда,Торговое помещение,Лесобаза: Тура мкр,4,0.5,B,47
аренда,Торговое помещение,микрорайон Тюменский-1,4,0.5,B,48
аренда,Торговое помещение,2-й Заречный мкр,4,0.5,B,49
аренда,Торговое помещение,Нижняя Тавда с.,4,0.5,B,50
аренда,Торговое помещение,Восточный 2 мкр.,4,0.5,B,51
аренда,Торговое помещение,Московский п.,3,0.3,B,52
аренда,Торговое помещение,4 мкр,3,0.3,B,53
аренда,Торговое помещение,Лесобаза: Казачьи Луга мкр.,3,0.3,C,54
аренда,Торговое помещение,микрорайон Тарманы,3,0.3,C,55
аренда,Торговое помещение,Боровский рп.,3,0.3,C,56
аренда,Торговое помещение,Ембаево с.,3,0.3,C,57
аренда,Торговое помещение,микрорайон Восточный,3,0.3,C,58
аренда,Торговое помещение,Винзили рп.,3,0.3,C,59
аренда,Торговое помещение,Калининский округ,3,0.3,C,60
аренда,Торговое помещение,Сказка КП,3,0.3,C,61
аренда,Торговое помещение,Зубарева д.,2,0.2,C,62
аренда,Торговое помещение,Суходольский мкр.,2,0.2,C,63
аренда,Торговое помещение,Субботина д.,2,0.2,C,64
аренда,Торговое помещение,Комарово мкр.,2,0.2,C,65
аренда,Торговое помещение,Тура с/о,2,0.2,C,66
аренда,Торговое помещение,Тугулым пгт,2,0.2,C,67
аренда,Торговое помещение,Тополя-2 с/о,2,0.2,C,68
аренда,Торговое помещение,микрорайон Рощино,2,0.2,C,69
аренда,Торговое помещение,микрорайон Войновка,2,0.2,C,70
аренда,Торговое помещение,Ярково с.,2,0.2,C,71
аренда,Торговое помещение,Рощино мкр.,2,0.2,C,72
аренда,Торговое помещение,Горьковка с.,2,0.2,C,73
аренда,Торговое помещение,Воровского,2,0.2,C,74
аренда,Торговое помещение,Восточный р-н,2,0.2,C,75
аренда,Торговое помещение,Березняковский мкр. (Березняки),2,0.2,C,76
аренда,Торговое помещение,Антипино мкр.,2,0.2,C,77
аренда,Торговое помещение,Электрон,2,0.2,C,78
аренда,Торговое помещение,Каменка с.,1,0.1,C,79
аренда,Торговое помещение,Ожогина д.,1,0.1,C,80
аренда,Торговое помещение,Червишево с.,1,0.1,C,81
аренда,Торговое помещение,У озера квартал,1,0.1,C,82
аренда,Торговое помещение,Плодовое с/о (Ирбитский тракт),1,0.1,C,83
аренда,Торговое помещение,Онохино с.,1,0.1,C,84
аренда,Торговое помещение,Сибиряк с/о,1,0.1,C,85
аренда,Торговое помещение,Ушакова д.,1,0.1,C,86
аренда,Торговое помещение,Патрушева д.,1,0.1,C,87
аренда,Торговое помещение,Геолог-2 с/о,1,0.1,C,88
аренда,Торговое помещение,Казарово мкр.,1,0.1,C,89
аренда,Торговое помещение,Дорожник с/о,1,0.1,C,90
аренда,Торговое помещение,посёлок Букино,1,0.1,C,91
аренда,Торговое помещение,Центральный округ,1,0.1,C,92
аренда,Торговое помещение,Луговое с.,1,0.1,C,93
аренда,Торговое помещение,6-й микрорайон,1,0.1,C,94
аренда,Торговое помещение,Каскара с.,1,0.1,C,95
аренда,Торговое помещение,Талица,1,0.1,C,96
аренда,Торговое помещение,"микрорайон Тюменская Слобода, жилой комплекс Уездные Кварталы",1,0.1,C,97
аренда,Торговое помещение,Шорохово с.,1,0.1,C,98
аренда,Торговое помещение,микрорайон Казарово,1,0.1,C,99
аренда,Торговое помещение,микрорайон Велижанский,1,0.1,C,100
аренда,Торговое помещение,Залиния,1,0.1,C,101
аренда,Торговое помещение,Щербак с.,1,0.1,C,102
аренда,Торговое помещение,Успенка с.,1,0.1,C,103
аренда,Торговое помещение,Велижаны с.,1,0.1,C,104
аренда,Торговое помещение,Гилевская Роща,1,0.1,C,105
аренда,Торговое помещение,5-е отделение,1,0.1,C,106
аренда,Торговое помещение,микрорайон Зарека,1,0.1,C,107
аренда,Торговое помещение,Матмасы мкр.,1,0.1,C,108
аренда,Торговое помещение,Перевалово с.,1,0.1,C,109
продажа,База/склад/производство,Тюменская слобода мкр.,48,10.5,A+,1
продажа,База/склад/производство,Дом Обороны,48,10.5,A+,2
продажа,База/склад/производство,Дударева д.,36,7.8,A+,3
продажа,База/склад/производство,МЖК,22,4.8,A+,4
продажа,База/склад/производство,5-й Заречный мкр,19,4.1,A+,5
продажа,База/склад/производство,ДОК,16,3.5,A+,6
продажа,База/склад/производство,Центр: Дом печати,15,3.3,A+,7
продажа,База/склад/производство,Заречный мкр.,15,3.3,A+,8
продажа,База/склад/производство,Плеханово,14,3.1,A,9
продажа,База/склад/производство,Европейский мкр.,13,2.8,A,10
продажа,База/склад/производство,null,13,2.8,A,11
продажа,База/склад/производство,Центр: КПД,12,2.6,A,12
продажа,База/склад/производство,Тарманы мкр.,11,2.4,A,13
продажа,База/склад/производство,Червишевский тракт мкр.,11,2.4,A,14
продажа,База/склад/производство,Центр: Драмтеатр,11,2.4,A,15
продажа,База/склад/производство,Тюменский 3-й мкр.,10,2.2,A,16
продажа,База/склад/производство,Лесобаза мкр.,9,2.0,A,17
продажа,База/склад/производство,Тюменский 1-й мкр.,8,1.7,A,18
продажа,База/склад/производство,Матмасы мкр.,7,1.5,A,19
продажа,База/склад/производство,Богандинский пгт,7,1.5,B,20
продажа,База/склад/производство,3-й Заречный мкр,6,1.3,B,21
продажа,База/склад/производство,Ожогино,6,1.3,B,22
продажа,База/склад/производство,Центр: Исторический,5,1.1,B,23
продажа,База/склад/производство,Зеленые Аллеи (Ирбитский тракт),5,1.1,B,24
продажа,База/склад/производство,микрорайон ДОК,5,1.1,B,25
продажа,База/склад/производство,Мыс мкр.,5,1.1,B,26
продажа,База/склад/производство,Гилевская Роща,4,0.9,B,27
продажа,База/склад/производство,Московский тракт мкр.,4,0.9,B,28
продажа,База/склад/производство,Рощино мкр.,4,0.9,B,29
продажа,База/склад/производство,Центр: Студгородок,3,0.7,B,30
продажа,База/склад/производство,Боровский рп.,3,0.7,B,31
продажа,База/склад/производство,Восточный 3 мкр.,3,0.7,B,32
продажа,База/склад/производство,Тавда,3,0.7,B,33
продажа,База/склад/производство,Югра мкр.,3,0.7,B,34
продажа,База/склад/производство,Студенческий городок СХИ,3,0.7,B,35
продажа,База/склад/производство,микрорайон Мелиораторов,3,0.7,B,36
продажа,База/склад/производство,район пос. Антипино,3,0.7,B,37
продажа,База/склад/производство,Воровского,2,0.4,C,38
продажа,База/склад/производство,"микрорайон ДОК, жилой комплекс ДОК",2,0.4,C,39
продажа,База/склад/производство,1-й Заречный мкр,2,0.4,C,40
продажа,База/склад/производство,микрорайон Антипино,2,0.4,C,41
продажа,База/склад/производство,Тюнево с.,2,0.4,C,42
продажа,База/склад/производство,Комарово Парк мкр.,2,0.4,C,43
продажа,База/склад/производство,Ново-Комарово,2,0.4,C,44
продажа,База/склад/производство,Шорохово с.,1,0.2,C,45
продажа,База/склад/производство,посёлок Новорощино,1,0.2,C,46
продажа,База/склад/производство,Троицкое,1,0.2,C,47
продажа,База/склад/производство,микрорайон Мыс,1,0.2,C,48
продажа,База/склад/производство,Антипино мкр.,1,0.2,C,49
продажа,База/склад/производство,Винзили рп.,1,0.2,C,50
продажа,База/склад/производство,Горьковское МО,1,0.2,C,51
продажа,База/склад/производство,Утешевский п.,1,0.2,C,52
продажа,База/склад/производство,Дубровное с.,1,0.2,C,53
продажа,База/склад/производство,Тугулым пос.,1,0.2,C,54
продажа,База/склад/производство,Ембаево с.,1,0.2,C,55
продажа,База/склад/производство,Сосёнка-81 с/о,1,0.2,C,56
продажа,База/склад/производство,Новотуринский,1,0.2,C,57
продажа,База/склад/производство,"микрорайон Тюменская Слобода, жилой комплекс Уездные Кварталы",1,0.2,C,58
продажа,База/склад/производство,Южный,1,0.2,C,59
продажа,База/склад/производство,Центральный округ,1,0.2,C,60
продажа,База/склад/производство,микрорайон Гилёво,1,0.2,C,61
продажа,База/склад/производство,Московский п.,1,0.2,C,62
продажа,База/склад/производство,микрорайон Тарманы,1,0.2,C,63
продажа,База/склад/производство,СМП,1,0.2,C,64
продажа,База/склад/производство,ЖК Добро,1,0.2,C,65
продажа,База/склад/производство,жилой комплекс Машаров,1,0.2,C,66
продажа,База/склад/производство,Гусево,1,0.2,C,67
продажа,База/склад/производство,Энергия с/о,1,0.2,C,68
продажа,База/склад/производство,Рябинушка с/о,1,0.2,C,69
продажа,База/склад/производство,микрорайон Быкова,1,0.2,C,70
продажа,База/склад/производство,Бабарынка,1,0.2,C,71
продажа,База/склад/производство,микрорайон Парфёново,1,0.2,C,72
продажа,База/склад/производство,Россиянка с/о,1,0.2,C,73
продажа,База/склад/производство,жилой комплекс Речной Порт,1,0.2,C,74
продажа,База/склад/производство,Горьковка с.,1,0.2,C,75
продажа,База/склад/производство,Луговской п.,1,0.2,C,76
продажа,Готовый бизнес,Центр: Исторический,12,9.9,A+,1
продажа,Готовый бизнес,Центр: Драмтеатр,11,9.1,A+,2
продажа,Готовый бизнес,Тюменский 1-й мкр.,5,4.1,A+,3
продажа,Готовый бизнес,Мыс мкр.,5,4.1,A+,4
продажа,Готовый бизнес,Дом Обороны,4,3.3,A+,5
продажа,Готовый бизнес,Центр: Дом печати,4,3.3,A+,6
продажа,Готовый бизнес,Центр: КПД,4,3.3,A+,7
продажа,Готовый бизнес,Тюменский 3-й мкр.,3,2.5,A+,8
продажа,Готовый бизнес,null,3,2.5,A+,9
продажа,Готовый бизнес,5-й Заречный мкр,3,2.5,A+,10
продажа,Готовый бизнес,Перевалово с.,2,1.7,A+,11
продажа,Готовый бизнес,Ярково с.,2,1.7,A+,12
продажа,Готовый бизнес,1 мкр,2,1.7,A+,13
продажа,Готовый бизнес,Дударева д.,2,1.7,A,14
продажа,Готовый бизнес,МЖК,2,1.7,A,15
продажа,Готовый бизнес,Лесобаза мкр.,2,1.7,A,16
продажа,Готовый бизнес,Ново-Комарово,2,1.7,A,17
продажа,Готовый бизнес,Европейский мкр.,2,1.7,A,18
продажа,Готовый бизнес,Гилевская Роща,2,1.7,A,19
продажа,Готовый бизнес,4 мкр,2,1.7,A,20
продажа,Готовый бизнес,Южный,2,1.7,A,21
продажа,Готовый бизнес,Тюменский 2-й мкр.,2,1.7,A,22
продажа,Готовый бизнес,Червишевский тракт мкр.,2,1.7,A,23
продажа,Готовый бизнес,Тюменская слобода мкр.,2,1.7,A,24
продажа,Готовый бизнес,Победа КП,1,0.8,A,25
продажа,Готовый бизнес,Пышма д.,1,0.8,A,26
продажа,Готовый бизнес,Яр с. (Тобольский тракт),1,0.8,A,27
продажа,Готовый бизнес,6-й микрорайон,1,0.8,A,28
продажа,Готовый бизнес,Долина Есаулова КП,1,0.8,A,29
продажа,Готовый бизнес,Цимлянское,1,0.8,A,30
продажа,Готовый бизнес,Антипино мкр.,1,0.8,A,31
продажа,Готовый бизнес,5 мкр,1,0.8,A,32
продажа,Готовый бизнес,Московский тракт мкр.,1,0.8,B,33
продажа,Готовый бизнес,6 мкр,1,0.8,B,34
продажа,Готовый бизнес,Тугулым пгт,1,0.8,B,35
продажа,Готовый бизнес,Тюнево с.,1,0.8,B,36
продажа,Готовый бизнес,Липчинское с.,1,0.8,B,37
продажа,Готовый бизнес,Центр: Студгородок,1,0.8,B,38
продажа,Готовый бизнес,3-й Заречный мкр,1,0.8,B,39
продажа,Готовый бизнес,Восточный р-н,1,0.8,B,40
продажа,Готовый бизнес,Якуши д.,1,0.8,B,41
продажа,Готовый бизнес,Коняшина д.,1,0.8,B,42
продажа,Готовый бизнес,2 мкр,1,0.8,B,43
продажа,Готовый бизнес,Серебряная подкова КП,1,0.8,B,44
продажа,Готовый бизнес,Казарово мкр.,1,0.8,B,45
продажа,Готовый бизнес,Черноярка,1,0.8,B,46
продажа,Готовый бизнес,Мишкино рп,1,0.8,B,47
продажа,Готовый бизнес,2-й Заречный мкр,1,0.8,B,48
продажа,Готовый бизнес,Войновка мкр.,1,0.8,B,49
продажа,Готовый бизнес,Петровский остров с/о,1,0.8,B,50
продажа,Готовый бизнес,Зеленые Аллеи (Ирбитский тракт),1,0.8,C,51
продажа,Готовый бизнес,микрорайон Березняковский,1,0.8,C,52
продажа,Готовый бизнес,микрорайон Тюменский-1,1,0.8,C,53
продажа,Готовый бизнес,микрорайон Восточный-2,1,0.8,C,54
продажа,Готовый бизнес,СМП,1,0.8,C,55
продажа,Готовый бизнес,Югра мкр.,1,0.8,C,56
продажа,Готовый бизнес,Богандинский пгт,1,0.8,C,57
продажа,Готовый бизнес,У озера квартал,1,0.8,C,58
продажа,Готовый бизнес,ДОК,1,0.8,C,59
продажа,Готовый бизнес,Заречный мкр.,1,0.8,C,60
продажа,Готовый бизнес,Ожогино,1,0.8,C,61
продажа,Готовый бизнес,Княжева мкр.,1,0.8,C,62
продажа,Готовый бизнес,Дербыши д.,1,0.8,C,63
продажа,Коммерческий участок,null,154,26.1,A+,1
продажа,Коммерческий участок,Ленинский округ,43,7.3,A+,2
продажа,Коммерческий участок,Борки с.,41,7.0,A+,3
продажа,Коммерческий участок,Горьковка с.,21,3.6,A+,4
продажа,Коммерческий участок,Бухтал,21,3.6,A+,5
продажа,Коммерческий участок,Горьковское МО,18,3.1,A,6
продажа,Коммерческий участок,Калининский округ,14,2.4,A,7
продажа,Коммерческий участок,Центр: Исторический,13,2.2,A,8
продажа,Коммерческий участок,микрорайон Антипино,13,2.2,A,9
продажа,Коммерческий участок,Елань д. (Московский тракт),13,2.2,A,10
продажа,Коммерческий участок,Кулаково с.,8,1.4,A,11
продажа,Коммерческий участок,Кыштырла д.,7,1.2,A,12
продажа,Коммерческий участок,район пос. Антипино,6,1.0,A,13
продажа,Коммерческий участок,Богандинский пгт,5,0.8,A,14
продажа,Коммерческий участок,Усть-Ницинское с.,5,0.8,A,15
продажа,Коммерческий участок,Бурмакина д.,5,0.8,A,16
продажа,Коммерческий участок,Луговое с.,4,0.7,A,17
продажа,Коммерческий участок,Дом Обороны,4,0.7,A,18
продажа,Коммерческий участок,Криводанова д.,4,0.7,A,19
продажа,Коммерческий участок,Салаирка с.,4,0.7,A,20
продажа,Коммерческий участок,Иска с. (Велижанский тракт),4,0.7,A,21
продажа,Коммерческий участок,Антропово,4,0.7,A,22
продажа,Коммерческий участок,Центральный округ,4,0.7,A,23
продажа,Коммерческий участок,Щербак с.,3,0.5,A,24
продажа,Коммерческий участок,р-н Грин Парк КП,3,0.5,A,25
продажа,Коммерческий участок,Гилевская Роща,3,0.5,A,26
продажа,Коммерческий участок,Велижаны с.,3,0.5,A,27
продажа,Коммерческий участок,Малые Велижаны,3,0.5,A,28
продажа,Коммерческий участок,Нижняя Тавда с.,3,0.5,A,29
продажа,Коммерческий участок,"Коттеджный поселок ""Новая Казанка""",3,0.5,A,30
продажа,Коммерческий участок,Есаулова д.,3,0.5,A,31
продажа,Коммерческий участок,Каскара с.,3,0.5,B,32
продажа,Коммерческий участок,Новокаменский КП,3,0.5,B,33
продажа,Коммерческий участок,Сундукуль СНТ,3,0.5,B,34
продажа,Коммерческий участок,Успенка с.,3,0.5,B,35
продажа,Коммерческий участок,Паренкина д.,3,0.5,B,36
продажа,Коммерческий участок,Калинка с/о (Тобольский тракт),3,0.5,B,37
продажа,Коммерческий участок,Мальковское МО,3,0.5,B,38
продажа,Коммерческий участок,Песьянка,3,0.5,B,39
продажа,Коммерческий участок,Лесобаза мкр.,3,0.5,B,40
продажа,Коммерческий участок,Чикча с.,2,0.3,B,41
продажа,Коммерческий участок,Торгили п.,2,0.3,B,42
продажа,Коммерческий участок,Ермолина д.,2,0.3,B,43
продажа,Коммерческий участок,Мальцево с.,2,0.3,B,44
продажа,Коммерческий участок,Головина,2,0.3,B,45
продажа,Коммерческий участок,Кулига с.,2,0.3,B,46
продажа,Коммерческий участок,Нерда с/о,2,0.3,B,47
продажа,Коммерческий участок,Тангачи д.,2,0.3,B,48
продажа,Коммерческий участок,р-н Яровское с/о,2,0.3,B,49
продажа,Коммерческий участок,Московский тракт мкр.,2,0.3,B,50
продажа,Коммерческий участок,Мальково с.,2,0.3,B,51
продажа,Коммерческий участок,Якорь с/о,2,0.3,B,52
продажа,Коммерческий участок,Малый Хутор д.,2,0.3,B,53
продажа,Коммерческий участок,Коняшина д.,2,0.3,B,54
продажа,Коммерческий участок,"район СО ""Ясень""",2,0.3,B,55
продажа,Коммерческий участок,Южный,2,0.3,B,56
продажа,Коммерческий участок,Архитектор с/о,2,0.3,B,57
продажа,Коммерческий участок,Рафайлово,2,0.3,B,58
продажа,Коммерческий участок,микрорайон Гилёво,2,0.3,B,59
продажа,Коммерческий участок,Червишевский тракт мкр.,2,0.3,B,60
продажа,Коммерческий участок,Ключевая д.,2,0.3,B,61
продажа,Коммерческий участок,Исетское,1,0.2,B,62
продажа,Коммерческий участок,Патрушева д.,1,0.2,B,63
продажа,Коммерческий участок,Тандашково,1,0.2,B,64
продажа,Коммерческий участок,Боровский рп.,1,0.2,B,65
продажа,Коммерческий участок,Юргинское с.,1,0.2,B,66
продажа,Коммерческий участок,Ушакова д.,1,0.2,B,67
продажа,Коммерческий участок,Яр с. (Тобольский тракт),1,0.2,B,68
продажа,Коммерческий участок,Тюменский 1-й мкр.,1,0.2,B,69
продажа,Коммерческий участок,Шорохово с.,1,0.2,B,70
продажа,Коммерческий участок,Плодовое с/о (Велижанский тракт),1,0.2,B,71
продажа,Коммерческий участок,Созоново,1,0.2,B,72
продажа,Коммерческий участок,Фиалка с/о,1,0.2,B,73
продажа,Коммерческий участок,Дербыши д.,1,0.2,B,74
продажа,Коммерческий участок,СМП,1,0.2,B,75
продажа,Коммерческий участок,Малиновка д.,1,0.2,B,76
продажа,Коммерческий участок,Якуши д.,1,0.2,B,77
продажа,Коммерческий участок,Новотарманский п.,1,0.2,B,78
продажа,Коммерческий участок,Строитель с/о (Салаирский тракт),1,0.2,B,79
продажа,Коммерческий участок,Долина Есаулова КП,1,0.2,B,80
продажа,Коммерческий участок,Казаки КП,1,0.2,B,81
продажа,Коммерческий участок,Яровское с/о,1,0.2,B,82
продажа,Коммерческий участок,Червишево с.,1,0.2,B,83
продажа,Коммерческий участок,Зубарева д.,1,0.2,C,84
продажа,Коммерческий участок,Кунчур п.,1,0.2,C,85
продажа,Коммерческий участок,Большекрутинская д,1,0.2,C,86
продажа,Коммерческий участок,район СТ Плодовое,1,0.2,C,87
продажа,Коммерческий участок,Полиграфист с/о,1,0.2,C,88
продажа,Коммерческий участок,Воровского,1,0.2,C,89
продажа,Коммерческий участок,Геолог-2 с/о,1,0.2,C,90
продажа,Коммерческий участок,1-й Заречный мкр,1,0.2,C,91
продажа,Коммерческий участок,Верхнебешкиль,1,0.2,C,92
продажа,Коммерческий участок,Падерина д.,1,0.2,C,93
продажа,Коммерческий участок,микрорайон Войновка,1,0.2,C,94
продажа,Коммерческий участок,жилой комплекс Крылья,1,0.2,C,95
продажа,Коммерческий участок,Черная Речка д.,1,0.2,C,96
продажа,Коммерческий участок,Перевалово с.,1,0.2,C,97
продажа,Коммерческий участок,Пышминка д.,1,0.2,C,98
продажа,Коммерческий участок,Восточный р-н,1,0.2,C,99
продажа,Коммерческий участок,Зубарево Hills КП,1,0.2,C,100
продажа,Коммерческий участок,Ембаево с.,1,0.2,C,101
продажа,Коммерческий участок,Городище,1,0.2,C,102
продажа,Коммерческий участок,микрорайон Копытово,1,0.2,C,103
продажа,Коммерческий участок,Антипино мкр.,1,0.2,C,104
продажа,Коммерческий участок,Липовый остров с/о,1,0.2,C,105
продажа,Коммерческий участок,Караульнояр,1,0.2,C,106
продажа,Коммерческий участок,Коника КП,1,0.2,C,107
продажа,Коммерческий участок,микрорайон Березняковский,1,0.2,C,108
продажа,Коммерческий участок,Черепаново с.,1,0.2,C,109
продажа,Коммерческий участок,Мостовой,1,0.2,C,110
продажа,Коммерческий участок,Колобова,1,0.2,C,111
продажа,Коммерческий участок,Аракчина,1,0.2,C,112
продажа,Коммерческий участок,микрорайон Зайкова,1,0.2,C,113
продажа,Коммерческий участок,Якуши-1 КП,1,0.2,C,114
продажа,Коммерческий участок,Архип с/о,1,0.2,C,115
продажа,Коммерческий участок,Тавда,1,0.2,C,116
продажа,Коммерческий участок,Новоуфимка,1,0.2,C,117
продажа,Коммерческий участок,Рабочий посёлок мкр.,1,0.2,C,118
продажа,Коммерческий участок,Пушкин мкр.,1,0.2,C,119
продажа,Коммерческий участок,урочище Медвежье,1,0.2,C,120
продажа,Коммерческий участок,микрорайон Энтузиастов,1,0.2,C,121
продажа,Коммерческий участок,Насекина д.,1,0.2,C,122
продажа,Коммерческий участок,территория Южный Подъём,1,0.2,C,123
продажа,Коммерческий участок,Подъем п.,1,0.2,C,124
продажа,Коммерческий участок,микрорайон Мелиораторов,1,0.2,C,125
продажа,Коммерческий участок,Вольные угодья КП,1,0.2,C,126
продажа,Коммерческий участок,Винзили рп.,1,0.2,C,127
продажа,Коммерческий участок,Гужевое,1,0.2,C,128
продажа,Коммерческий участок,Новая Деревня,1,0.2,C,129
продажа,Коммерческий участок,Ватутина мкр.,1,0.2,C,130
продажа,Коммерческий участок,Княжево с.,1,0.2,C,131
продажа,Коммерческий участок,Удачное с/о,1,0.2,C,132
продажа,Коммерческий участок,Нижние Тарманы д.,1,0.2,C,133
продажа,Коммерческий участок,Зырянка д.,1,0.2,C,134
продажа,Коммерческий участок,Целинное с/о,1,0.2,C,135
продажа,Коммерческий участок,Новоатьялово,1,0.2,C,136
продажа,Коммерческий участок,Войновка мкр.,1,0.2,C,137
продажа,Коммерческий участок,Посохова д.,1,0.2,C,138
продажа,Коммерческий участок,Геолог-3 с/о,1,0.2,C,139
продажа,Коммерческий участок,Тюнево с.,1,0.2,C,140
продажа,Коммерческий участок,Копытова мкр.,1,0.2,C,141
продажа,Коммерческий участок,Парфёново мкр.,1,0.2,C,142
продажа,Офисное помещение,Центр: Исторический,54,19.3,A+,1
продажа,Офисное помещение,Центр: КПД,47,16.8,A+,2
продажа,Офисное помещение,Центр: Драмтеатр,32,11.4,A+,3
продажа,Офисное помещение,Восточный р-н,27,9.6,A,4
продажа,Офисное помещение,Боровский рп.,24,8.6,A,5
продажа,Офисное помещение,1 мкр,16,5.7,A,6
продажа,Офисное помещение,Центр: Дом печати,10,3.6,A,7
продажа,Офисное помещение,Дом Обороны,8,2.9,B,8
продажа,Офисное помещение,Электрон,7,2.5,B,9
продажа,Офисное помещение,2 мкр,5,1.8,B,10
продажа,Офисное помещение,Центр: Студгородок,4,1.4,B,11
продажа,Офисное помещение,Заречный мкр.,4,1.4,B,12
продажа,Офисное помещение,Червишевский тракт мкр.,4,1.4,B,13
продажа,Офисное помещение,Тюменский 1-й мкр.,4,1.4,B,14
продажа,Офисное помещение,Дударева д.,3,1.1,B,15
продажа,Офисное помещение,1-й Заречный мкр,3,1.1,C,16
продажа,Офисное помещение,3 мкр,3,1.1,C,17
продажа,Офисное помещение,Южный,2,0.7,C,18
продажа,Офисное помещение,6 мкр,2,0.7,C,19
продажа,Офисное помещение,Восточный 2 мкр.,2,0.7,C,20
продажа,Офисное помещение,Лесобаза: Тура мкр,1,0.4,C,21
продажа,Офисное помещение,Комарово мкр.,1,0.4,C,22
продажа,Офисное помещение,Воровского,1,0.4,C,23
продажа,Офисное помещение,У озера квартал,1,0.4,C,24
продажа,Офисное помещение,Центральный округ,1,0.4,C,25
продажа,Офисное помещение,микрорайон Воронина,1,0.4,C,26
продажа,Офисное помещение,Тавда,1,0.4,C,27
продажа,Офисное помещение,Войновка мкр.,1,0.4,C,28
продажа,Офисное помещение,Гилевская Роща,1,0.4,C,29
продажа,Офисное помещение,микрорайон Тюменский-1,1,0.4,C,30
продажа,Офисное помещение,Тюменский 3-й мкр.,1,0.4,C,31
продажа,Офисное помещение,Княжева мкр.,1,0.4,C,32
продажа,Офисное помещение,Винзили рп.,1,0.4,C,33
продажа,Офисное помещение,Рабочий посёлок мкр.,1,0.4,C,34
продажа,Офисное помещение,квартал 1-й Участок,1,0.4,C,35
продажа,Офисное помещение,Ново-Патрушево мкр.,1,0.4,C,36
продажа,Офисное помещение,6-й микрорайон,1,0.4,C,37
продажа,Офисное помещение,МЖК,1,0.4,C,38
продажа,Офисное помещение,Московский тракт мкр.,1,0.4,C,39
продажа,Свободного назначения,Плеханово,215,14.3,A+,1
продажа,Свободного назначения,Червишевский тракт мкр.,69,4.6,A+,2
продажа,Свободного назначения,Дом Обороны,69,4.6,A+,3
продажа,Свободного назначения,Лесобаза мкр.,66,4.4,A+,4
продажа,Свободного назначения,Центр: Дом печати,57,3.8,A+,5
продажа,Свободного назначения,Центр: КПД,54,3.6,A+,6
продажа,Свободного назначения,Дударева д.,47,3.1,A+,7
продажа,Свободного назначения,Мыс мкр.,46,3.1,A+,8
продажа,Свободного назначения,Центр: Драмтеатр,45,3.0,A+,9
продажа,Свободного назначения,Тюменская слобода мкр.,44,2.9,A+,10
продажа,Свободного назначения,5-й Заречный мкр,43,2.9,A,11
продажа,Свободного назначения,Европейский мкр.,40,2.7,A,12
продажа,Свободного назначения,Центр: Исторический,36,2.4,A,13
продажа,Свободного назначения,null,36,2.4,A,14
продажа,Свободного назначения,Центр: Студгородок,29,1.9,A,15
продажа,Свободного назначения,микрорайон ДОК,28,1.9,A,16
продажа,Свободного назначения,Комарово Парк мкр.,28,1.9,A,17
продажа,Свободного назначения,Электрон,28,1.9,A,18
продажа,Свободного назначения,ДОК,19,1.3,A,19
продажа,Свободного назначения,2-й Заречный мкр,18,1.2,A,20
продажа,Свободного назначения,"Калининский округ, жилой район Комарово Парк",17,1.1,A,21
продажа,Свободного назначения,Заречный мкр.,16,1.1,A,22
продажа,Свободного назначения,У озера квартал,16,1.1,A,23
продажа,Свободного назначения,Тюменский 1-й мкр.,15,1.0,A,24
продажа,Свободного назначения,жилой комплекс Сибирский,15,1.0,A,25
продажа,Свободного назначения,жилой район Айвазовский Сити,15,1.0,A,26
продажа,Свободного назначения,3-й Заречный мкр,14,0.9,A,27
продажа,Свободного назначения,Южный,14,0.9,B,28
продажа,Свободного назначения,микрорайон Мыс,13,0.9,B,29
продажа,Свободного назначения,Ново-Комарово,13,0.9,B,30
продажа,Свободного назначения,Московский тракт мкр.,13,0.9,B,31
продажа,Свободного назначения,Маяк мкр.,12,0.8,B,32
продажа,Свободного назначения,1-й Заречный мкр,12,0.8,B,33
продажа,Свободного назначения,МЖК,10,0.7,B,34
продажа,Свободного назначения,жилой комплекс Ботаника,10,0.7,B,35
продажа,Свободного назначения,"микрорайон ДОК, ЖК Октябрьский на Туре",10,0.7,B,36
продажа,Свободного назначения,2 мкр,8,0.5,B,37
продажа,Свободного назначения,1 мкр,8,0.5,B,38
продажа,Свободного назначения,СМП,8,0.5,B,39
продажа,Свободного назначения,6 мкр,7,0.5,B,40
продажа,Свободного назначения,"микрорайон Тюменская Слобода, жилой комплекс Уездные Кварталы",7,0.5,B,41
продажа,Свободного назначения,жилой комплекс Набережный Квартал,7,0.5,B,42
продажа,Свободного назначения,Кулаково с.,7,0.5,B,43
продажа,Свободного назначения,Лесобаза: Тура мкр,6,0.4,B,44
продажа,Свободного назначения,Ново-Патрушево мкр.,6,0.4,B,45
продажа,Свободного назначения,Боровский рп.,6,0.4,B,46
продажа,Свободного назначения,Ленинский округ,6,0.4,B,47
продажа,Свободного назначения,Воровского,5,0.3,B,48
продажа,Свободного назначения,Дербыши д.,5,0.3,B,49
продажа,Свободного назначения,Винзили рп.,5,0.3,B,50
продажа,Свободного назначения,Войновка мкр.,5,0.3,B,51
продажа,Свободного назначения,Тюменский 3-й мкр.,5,0.3,B,52
продажа,Свободного назначения,Югра мкр.,5,0.3,B,53
продажа,Свободного назначения,жилой комплекс Чаркова 72,5,0.3,B,54
продажа,Свободного назначения,жилой комплекс В Гагаринском Парке,5,0.3,B,55
продажа,Свободного назначения,Восточный 2 мкр.,4,0.3,B,56
продажа,Свободного назначения,Восточный р-н,4,0.3,C,57
продажа,Свободного назначения,Московский п.,4,0.3,C,58
продажа,Свободного назначения,4 мкр,4,0.3,C,59
продажа,Свободного назначения,Рощино мкр.,4,0.3,C,60
продажа,Свободного назначения,3 мкр,4,0.3,C,61
продажа,Свободного назначения,"микрорайон Лесобаза, жилой комплекс Кедровый Берег",4,0.3,C,62
продажа,Свободного назначения,Стрела,4,0.3,C,63
продажа,Свободного назначения,Плодовое с/о (Ирбитский тракт),4,0.3,C,64
продажа,Свободного назначения,Патрушева д.,3,0.2,C,65
продажа,Свободного назначения,Тарманы мкр.,3,0.2,C,66
продажа,Свободного назначения,микрорайон Войновка,3,0.2,C,67
продажа,Свободного назначения,микрорайон Тюменский-2,3,0.2,C,68
продажа,Свободного назначения,микрорайон Восточный,3,0.2,C,69
продажа,Свободного назначения,ЖК Символ,3,0.2,C,70
продажа,Свободного назначения,Ватутина мкр.,3,0.2,C,71
продажа,Свободного назначения,ЖК Мириады,3,0.2,C,72
продажа,Свободного назначения,"Ленинский округ, ЖК Беринг",3,0.2,C,73
продажа,Свободного назначения,Андреевский,2,0.1,C,74
продажа,Свободного назначения,Гилевская Роща,2,0.1,C,75
продажа,Свободного назначения,Шорохово с.,2,0.1,C,76
продажа,Свободного назначения,Весна с/о,2,0.1,C,77
продажа,Свободного назначения,микрорайон Мелиораторов,2,0.1,C,78
продажа,Свободного назначения,Тугулым пгт,2,0.1,C,79
продажа,Свободного назначения,микрорайон Рощино,2,0.1,C,80
продажа,Свободного назначения,жилой комплекс Айвазовский Сити,2,0.1,C,81
продажа,Свободного назначения,6-й микрорайон,2,0.1,C,82
продажа,Свободного назначения,"Ленинский округ, жилой комплекс Спутник-2",2,0.1,C,83
продажа,Свободного назначения,Центр,2,0.1,C,84
продажа,Свободного назначения,Тюменский 2-й мкр.,2,0.1,C,85
продажа,Свободного назначения,Падерина д.,2,0.1,C,86
продажа,Свободного назначения,жилой комплекс Речной Порт,2,0.1,C,87
продажа,Свободного назначения,жилой комплекс Дом на Большой Спасской,1,0.1,C,88
продажа,Свободного назначения,Пышма д.,1,0.1,C,89
продажа,Свободного назначения,Комарово мкр.,1,0.1,C,90
продажа,Свободного назначения,Спутник с/о,1,0.1,C,91
продажа,Свободного назначения,5 мкр,1,0.1,C,92
продажа,Свободного назначения,Велижаны с.,1,0.1,C,93
продажа,Свободного назначения,Богандинский пгт,1,0.1,C,94
продажа,Свободного назначения,Червишево с.,1,0.1,C,95
продажа,Свободного назначения,Трудовик с/о,1,0.1,C,96
продажа,Свободного назначения,Центральный округ,1,0.1,C,97
продажа,Свободного назначения,Нефтяников мкр.,1,0.1,C,98
продажа,Свободного назначения,Тюнево с.,1,0.1,C,99
продажа,Свободного назначения,Созоново,1,0.1,C,100
продажа,Свободного назначения,Вишенка с/о (Салаирский тракт),1,0.1,C,101
продажа,Свободного назначения,Каскара с.,1,0.1,C,102
продажа,Свободного назначения,Юргинское,1,0.1,C,103
продажа,Свободного назначения,Ожогина д.,1,0.1,C,104
продажа,Свободного назначения,Ембаево с.,1,0.1,C,105
продажа,Свободного назначения,микрорайон Тюменский-1,1,0.1,C,106
продажа,Свободного назначения,Тура с/о,1,0.1,C,107
продажа,Свободного назначения,микрорайон Антипино,1,0.1,C,108
продажа,Свободного назначения,Горгаз,1,0.1,C,109
продажа,Свободного назначения,Зубарева д.,1,0.1,C,110
продажа,Свободного назначения,Борки с.,1,0.1,C,111
продажа,Свободного назначения,микрорайон Парфёново,1,0.1,C,112
продажа,Свободного назначения,Юргинское с.,1,0.1,C,113
продажа,Свободного назначения,Загородный дом с/о,1,0.1,C,114
продажа,Свободного назначения,Княжева мкр.,1,0.1,C,115
продажа,Свободного назначения,Кыштырла д.,1,0.1,C,116
продажа,Свободного назначения,Салаирка с.,1,0.1,C,117
продажа,Свободного назначения,Молчанова д.,1,0.1,C,118
продажа,Свободного назначения,микрорайон Матмасы,1,0.1,C,119
продажа,Свободного назначения,особая экономическая зона туристско-рекреационного типа Бирюзовая Катунь,1,0.1,C,120
продажа,Свободного назначения,Фиалка с/о,1,0.1,C,121
продажа,Свободного назначения,Рассвет с/о,1,0.1,C,122
продажа,Свободного назначения,Якуши-2 КП,1,0.1,C,123
продажа,Свободного назначения,Черепаново с.,1,0.1,C,124
продажа,Свободного назначения,Туринская слобода с.,1,0.1,C,125
продажа,Свободного назначения,Мальково с.,1,0.1,C,126
продажа,Свободного назначения,жилой комплекс Квартал Культура,1,0.1,C,127
продажа,Свободного назначения,Ушаково КП,1,0.1,C,128
продажа,Свободного назначения,Плоское д,1,0.1,C,129
продажа,Свободного назначения,Липовый остров с/о,1,0.1,C,130
продажа,Свободного назначения,Туртас,1,0.1,C,131
продажа,Свободного назначения,Пышминка д.,1,0.1,C,132
продажа,Свободного назначения,Зеленые Холмы КП,1,0.1,C,133
продажа,Свободного назначения,жилой комплекс Космо,1,0.1,C,134
продажа,Свободного назначения,Луговое с.,1,0.1,C,135
продажа,Свободного назначения,Сундукуль СНТ,1,0.1,C,136
продажа,Свободного назначения,КСМ,1,0.1,C,137
продажа,Свободного назначения,Перевалово с.,1,0.1,C,138
продажа,Свободного назначения,Западный,1,0.1,C,139
продажа,Свободного назначения,Онохино с.,1,0.1,C,140
продажа,Свободного назначения,микрорайон Энтузиастов,1,0.1,C,141
продажа,Свободного назначения,Ушакова д.,1,0.1,C,142
продажа,Свободного назначения,посёлок Букино,1,0.1,C,143
продажа,Свободного назначения,Зайкова мкр.,1,0.1,C,144
продажа,Свободного назначения,ЖК Айвазовский Сити,1,0.1,C,145
продажа,Свободного назначения,Мелиоратор с/о (Велижанский тракт),1,0.1,C,146
продажа,Свободного назначения,Решетникова д.,1,0.1,C,147
продажа,Свободного назначения,микрорайон Тарманы,1,0.1,C,148
продажа,Свободного назначения,Усть-Ницинское с.,1,0.1,C,149
продажа,Свободного назначения,Лесобаза: Казачьи Луга мкр.,1,0.1,C,150
продажа,Свободного назначения,Восточный 3 мкр.,1,0.1,C,151
продажа,Свободного назначения,Горьковка с.,1,0.1,C,152
продажа,Торговое помещение,Дом Обороны,31,9.7,A+,1
продажа,Торговое помещение,Центр: Драмтеатр,26,8.2,A+,2
продажа,Торговое помещение,Стрела,22,6.9,A+,3
продажа,Торговое помещение,Центр: Исторический,22,6.9,A+,4
продажа,Торговое помещение,Червишевский тракт мкр.,13,4.1,A+,5
продажа,Торговое помещение,Центр: КПД,10,3.1,A+,6
продажа,Торговое помещение,Московский тракт мкр.,10,3.1,A+,7
продажа,Торговое помещение,2 мкр,7,2.2,A+,8
продажа,Торговое помещение,Центр: Студгородок,6,1.9,A+,9
продажа,Торговое помещение,ДОК,6,1.9,A+,10
продажа,Торговое помещение,Нижняя Тавда с.,6,1.9,A+,11
продажа,Торговое помещение,Югра мкр.,6,1.9,A,12
продажа,Торговое помещение,null,5,1.6,A,13
продажа,Торговое помещение,Лесобаза мкр.,5,1.6,A,14
продажа,Торговое помещение,Исетское,5,1.6,A,15
продажа,Торговое помещение,2-й Заречный мкр,5,1.6,A,16
продажа,Торговое помещение,Рощино мкр.,4,1.3,A,17
продажа,Торговое помещение,Тавда,4,1.3,A,18
продажа,Торговое помещение,3-й Заречный мкр,4,1.3,A,19
продажа,Торговое помещение,6 мкр,4,1.3,A,20
продажа,Торговое помещение,Тюменский 2-й мкр.,3,0.9,A,21
продажа,Торговое помещение,Тюменский 1-й мкр.,3,0.9,A,22
продажа,Торговое помещение,Червишево с.,3,0.9,A,23
продажа,Торговое помещение,Ново-Комарово,3,0.9,A,24
продажа,Торговое помещение,Московский п.,3,0.9,A,25
продажа,Торговое помещение,Ново-Патрушево мкр.,3,0.9,A,26
продажа,Торговое помещение,Воровского,3,0.9,A,27
продажа,Торговое помещение,Тугулым пгт,3,0.9,A,28
продажа,Торговое помещение,Тюменский 3-й мкр.,3,0.9,A,29
продажа,Торговое помещение,Центр: Дом печати,3,0.9,A,30
продажа,Торговое помещение,Ярково с.,3,0.9,A,31
продажа,Торговое помещение,Комарово Парк мкр.,3,0.9,A,32
продажа,Торговое помещение,МЖК,2,0.6,B,33
продажа,Торговое помещение,Падерина д.,2,0.6,B,34
продажа,Торговое помещение,микрорайон Тарманы,2,0.6,B,35
продажа,Торговое помещение,Плеханово,2,0.6,B,36
продажа,Торговое помещение,Винзили рп.,2,0.6,B,37
продажа,Торговое помещение,микрорайон Матмасы,2,0.6,B,38
продажа,Торговое помещение,Дударева д.,2,0.6,B,39
продажа,Торговое помещение,Тюменская слобода мкр.,2,0.6,B,40
продажа,Торговое помещение,Южный,2,0.6,B,41
продажа,Торговое помещение,микрорайон Антипино,2,0.6,B,42
продажа,Торговое помещение,микрорайон ДОК,2,0.6,B,43
продажа,Торговое помещение,Европейский мкр.,2,0.6,B,44
продажа,Торговое помещение,Андреевский,2,0.6,B,45
продажа,Торговое помещение,Мальково с.,2,0.6,B,46
продажа,Торговое помещение,5 мкр,2,0.6,B,47
продажа,Торговое помещение,У озера квартал,2,0.6,B,48
продажа,Торговое помещение,Лесобаза: Казачьи Луга мкр.,2,0.6,B,49
продажа,Торговое помещение,4 мкр,2,0.6,B,50
продажа,Торговое помещение,Долина Есаулова КП,1,0.3,B,51
продажа,Торговое помещение,Тарманы мкр.,1,0.3,B,52
продажа,Торговое помещение,Горьковка с.,1,0.3,B,53
продажа,Торговое помещение,Новотарманский п.,1,0.3,B,54
продажа,Торговое помещение,Борки с.,1,0.3,B,55
продажа,Торговое помещение,Гилёва д.,1,0.3,B,56
продажа,Торговое помещение,Комарово мкр.,1,0.3,B,57
продажа,Торговое помещение,микрорайон Войновка,1,0.3,B,58
продажа,Торговое помещение,Восточный 2 мкр.,1,0.3,B,59
продажа,Торговое помещение,микрорайон Труфаново,1,0.3,B,60
продажа,Торговое помещение,Сладково с,1,0.3,B,61
продажа,Торговое помещение,Каскара с.,1,0.3,B,62
продажа,Торговое помещение,жилой комплекс Космо,1,0.3,B,63
продажа,Торговое помещение,Геолог-2 с/о,1,0.3,C,64
продажа,Торговое помещение,Сельмаш,1,0.3,C,65
продажа,Торговое помещение,Рафайлово,1,0.3,C,66
продажа,Торговое помещение,1-й Заречный мкр,1,0.3,C,67
продажа,Торговое помещение,Дубровное с.,1,0.3,C,68
продажа,Торговое помещение,Лесная поляна с/о (Салаирский тракт),1,0.3,C,69
продажа,Торговое помещение,Насекина д.,1,0.3,C,70
продажа,Торговое помещение,Лесобаза: Тура мкр,1,0.3,C,71
продажа,Торговое помещение,Кошуки,1,0.3,C,72
продажа,Торговое помещение,Лесозаводский,1,0.3,C,73
продажа,Торговое помещение,Серебряный бор с/о,1,0.3,C,74
продажа,Торговое помещение,Боровский рп.,1,0.3,C,75
продажа,Торговое помещение,КСМ,1,0.3,C,76
продажа,Торговое помещение,Мотуши,1,0.3,C,77
продажа,Торговое помещение,Тазовский п.,1,0.3,C,78
продажа,Торговое помещение,Чайка с/о (Велижанский тракт),1,0.3,C,79
продажа,Торговое помещение,Ембаево с.,1,0.3,C,80
продажа,Торговое помещение,Зырянка д.,1,0.3,C,81
продажа,Торговое помещение,Богандинский пгт,1,0.3,C,82
продажа,Торговое помещение,5-й Заречный мкр,1,0.3,C,83
продажа,Торговое помещение,Калининский округ,1,0.3,C,84
продажа,Торговое помещение,3 мкр,1,0.3,C,85
продажа,Торговое помещение,Боровое с/о,1,0.3,C,86
продажа,Торговое помещение,Маяк мкр.,1,0.3,C,87
продажа,Торговое помещение,Русское поле с/о,1,0.3,C,88
продажа,Торговое помещение,6-й микрорайон,1,0.3,C,89
продажа,Торговое помещение,Войновка мкр.,1,0.3,C,90
продажа,Торговое помещение,Салаирка с.,1,0.3,C,91
продажа,Торговое помещение,Восточный р-н,1,0.3,C,92
продажа,Торговое помещение,Перевалово с.,1,0.3,C,93
продажа,Торговое помещение,Самотлор с/о,1,0.3,C,94
продажа,Торговое помещение,Заречный мкр.,1,0.3,C,95
